Date,Price,Open,High,Low,Vol.,Change %
2019-06-27,10.96,10.89,11.54,10.27,-,-0.18%
2019-06-26,10.98,11.38,11.65,10.86,-,-3.94%
2019-06-25,11.43,11.26,11.61,10.92,-,1.33%
2019-06-24,11.28,10.7,11.43,10.39,-,5.92%
2019-06-21,10.65,10.16,10.92,9.73,-,3.60%
2019-06-20,10.28,10.61,10.92,9.26,-,-7.05%
2019-06-19,11.06,11.06,11.6,10.39,-,0.82%
2019-06-18,10.97,10.88,11.69,9.36,-,0.18%
2019-06-17,10.95,10.12,11.81,10.12,-,8.20%
2019-06-14,10.12,10.18,11.85,10.12,-,1.30%
2019-06-13,9.99,11.3,11.73,9.99,-,-11.28%
2019-06-12,11.26,10.75,12.07,10.75,-,-3.26%
2019-06-11,11.64,10.83,11.88,10.83,-,2.11%
2019-06-10,11.4,10.77,12.06,10.77,-,1.42%
2019-06-07,11.24,12.73,12.73,9.99,-,-12.12%
2019-06-06,12.79,12.39,13.12,11.88,-,1.35%
2019-06-05,12.62,13.27,13.52,11.99,-,-3.44%
2019-06-04,13.07,13.08,14.36,12.71,-,-2.32%
2019-06-03,13.38,13.85,15.46,13.01,-,-1.25%
2019-05-31,13.55,13.24,15.31,13.24,-,4.96%
2019-05-30,12.91,13.79,14.19,12.54,-,-6.72%
2019-05-29,13.84,12.41,14.97,12.41,-,12.34%
2019-05-28,12.32,12.93,14,12.32,-,-4.72%
2019-05-27,12.93,12.93,12.93,12.93,-,-0.15%
2019-05-24,12.95,13.34,13.73,12.44,-,-2.26%
2019-05-23,13.25,11.18,14.09,11.18,-,5.75%
2019-05-22,12.53,12.89,12.89,10.61,-,-2.94%
2019-05-21,12.91,12.01,12.91,11.05,-,6.52%
2019-05-20,12.12,10.44,13.56,10.44,-,4.84%
2019-05-17,11.56,12.02,13.62,10.5,-,-3.18%
2019-05-16,11.94,12.02,13.78,10.88,-,-11.23%
2019-05-15,13.45,14.04,16.38,11.72,-,-4.61%
2019-05-14,14.1,14.19,14.97,13.27,-,-0.84%
2019-05-13,14.22,13.98,16.75,6.58,-,-2.74%
2019-05-10,14.62,14.19,15.26,7.83,-,-1.95%
2019-05-09,14.91,12.95,16.82,7.79,-,11.19%
2019-05-08,13.41,13.35,15,12.71,-,-0.37%
2019-05-07,13.46,10.06,14.25,10.06,-,33.80%
2019-05-06,10.06,10.06,10.06,10.06,-,-5.81%
2019-05-03,10.68,11.73,11.73,10.48,-,-8.95%
2019-05-02,11.73,11.9,12.29,10.42,-,0.77%
2019-04-30,11.64,9.86,11.64,9.86,-,4.30%
2019-04-29,11.16,10.01,11.43,9.81,-,5.88%
2019-04-26,10.54,10.6,10.86,9.48,-,0.48%
2019-04-25,10.49,10.25,11.31,9.12,-,2.64%
2019-04-24,10.22,10.69,10.85,9.37,-,-2.01%
2019-04-23,10.43,8.04,10.43,8.04,-,21.28%
2019-04-18,8.6,9.81,9.81,8.6,-,-12.60%
2019-04-17,9.84,10.57,10.57,8.14,-,5.58%
2019-04-16,9.32,10.12,10.12,8.47,-,-5.38%
2019-04-15,9.85,10.06,10.56,9.44,-,-1.89%
2019-04-12,10.04,9.16,10.08,8.73,-,4.15%
2019-04-11,9.64,11.6,12.06,8.84,-,-17.40%
2019-04-10,11.67,11.54,12.06,10.19,-,0.00%
2019-04-09,11.67,12.29,12.46,11.15,-,1.04%
2019-04-08,11.55,10.74,12.47,10.74,-,5.19%
2019-04-05,10.98,11.4,12.05,10.54,-,-5.02%
2019-04-04,11.56,12.26,12.47,11.07,-,-4.78%
2019-04-03,12.14,12.85,12.85,10.4,-,-4.48%
2019-04-02,12.71,12.68,13.26,11.8,-,-1.09%
2019-04-01,12.85,12.64,13.54,12.1,-,0.00%
2019-03-29,12.85,15.13,15.13,12.35,-,-9.82%
2019-03-28,14.25,13.83,15.15,13.42,-,0.92%
2019-03-27,14.12,13.12,15.27,12.82,-,3.44%
2019-03-26,13.65,14.41,15.29,13.43,-,-3.87%
2019-03-25,14.2,14.29,16.5,14.2,-,0.14%
2019-03-22,14.18,12.14,15.26,11.7,-,13.17%
2019-03-21,12.53,12.64,13.78,11.18,-,1.29%
2019-03-20,12.37,12.24,13.11,10.98,-,1.81%
2019-03-19,12.15,12.42,12.42,10.63,-,-0.57%
2019-03-18,12.22,11.78,12.43,10.84,-,2.35%
2019-03-15,11.94,11.61,13.14,11.01,-,-6.13%
2019-03-14,12.72,12.06,13.48,11.55,-,-8.03%
2019-03-13,13.83,11.89,13.97,11.1,-,3.98%
2019-03-12,13.3,15.33,15.33,10.55,-,4.97%
2019-03-11,12.67,11.59,14.06,10.93,-,-0.47%
2019-03-08,12.73,14.9,16.15,10.37,-,-10.54%
2019-03-07,14.23,13.05,15.75,10.02,-,9.97%
2019-03-06,12.94,13.9,14.68,11.32,-,-3.00%
2019-03-05,13.34,13.22,14.38,11.38,-,-0.07%
2019-03-04,13.35,12.23,13.93,11.34,-,6.97%
2019-03-01,12.48,13.41,14.14,11.23,-,-7.49%
2019-02-28,13.49,13.63,14.09,12.15,-,-4.66%
2019-02-27,14.15,12.39,14.35,3.45,-,8.26%
2019-02-26,13.07,12.12,13.91,6.01,-,1.24%
2019-02-25,12.91,11.78,13.54,5.32,-,3.86%
2019-02-22,12.43,13.54,13.91,4.51,-,-10.32%
2019-02-21,13.86,13.74,14.5,11.1,-,1.17%
2019-02-20,13.7,12.84,13.86,10.63,-,-3.86%
2019-02-19,14.25,14.36,14.65,11.65,-,0.28%
2019-02-18,14.21,14.04,14.72,8.22,-,3.80%
2019-02-15,13.69,12.89,17.31,12.23,-,5.31%
2019-02-14,13,12.76,13.98,11.17,-,-4.34%
2019-02-13,13.59,13.27,13.93,12.76,-,-3.96%
2019-02-12,14.15,13.38,14.48,13.3,-,6.07%
2019-02-11,13.34,15.04,16.13,13.34,-,-11.95%
2019-02-08,15.15,12.69,15.32,12.57,-,10.42%
2019-02-07,13.72,12.82,15.8,10.94,-,10.82%
2019-02-06,12.38,11.84,13.33,10.93,-,-5.28%
2019-02-05,13.07,13.98,14.81,12.32,-,4.98%
2019-02-04,12.45,12.04,13.98,12.04,-,-3.49%
2019-02-01,12.9,12.55,14.62,12.55,-,-7.39%
2019-01-31,13.93,14.84,16.82,12.71,-,-6.64%
2019-01-30,14.92,14.88,15.87,13.06,-,-5.27%
2019-01-29,15.75,15.6,16.12,13.77,-,1.42%
2019-01-28,15.53,13.9,16.65,13.41,-,13.44%
2019-01-25,13.69,14.4,15.04,13.09,-,-13.63%
2019-01-24,15.85,15.09,16.08,13.9,-,0.51%
2019-01-23,15.77,15.84,16.78,13.83,-,-0.94%
2019-01-22,15.92,15.84,16.23,13.67,-,4.46%
2019-01-21,15.24,14.98,15.5,12.46,-,6.35%
2019-01-18,14.33,16.24,16.24,13.37,-,-9.53%
2019-01-17,15.84,16.77,16.77,14.33,-,-5.04%
2019-01-16,16.68,15.03,16.92,14.72,-,3.09%
2019-01-15,16.18,18.45,18.45,15.14,-,-12.73%
2019-01-14,18.54,17.31,18.64,15.62,-,10.16%
2019-01-11,16.83,20.42,20.42,15.4,-,-12.39%
2019-01-10,19.21,15.77,19.21,15.77,-,10.09%
2019-01-09,17.45,18.56,18.56,15.48,-,6.21%
2019-01-08,16.43,18.52,18.82,16.43,-,-13.93%
2019-01-07,19.09,18.78,20.23,17.28,-,4.55%
2019-01-04,18.26,20.99,21.34,14.8,-,-16.20%
2019-01-03,21.79,22.14,23.09,16.46,-,6.24%
2019-01-02,20.51,22.09,23.55,20.51,-,-7.15%
2018-12-31,22.09,22.41,23.27,20.2,-,-1.52%
2018-12-28,22.43,24.75,24.75,20.83,-,-9.88%
2018-12-27,24.89,20.2,25.33,18.22,-,23.28%
2018-12-24,20.19,21.31,21.61,18.45,-,-12.45%
2018-12-21,23.06,19.71,23.06,16.01,-,15.18%
2018-12-20,20.02,17.93,20.47,17.49,-,-2.44%
2018-12-19,20.52,20.78,20.99,14.95,-,-4.20%
2018-12-18,21.42,19.44,21.42,15.29,-,9.96%
2018-12-17,19.48,20.31,20.31,16.96,-,12.60%
2018-12-14,17.3,21.57,21.57,16.73,-,-10.13%
2018-12-13,19.25,18.76,20.81,16.84,-,2.07%
2018-12-12,18.86,19.5,20.49,17.99,-,-4.70%
2018-12-11,19.79,20.74,23.97,19.43,-,-12.36%
2018-12-10,22.58,23.22,24.76,16.66,-,-3.05%
2018-12-07,23.29,21.39,23.33,15,-,6.83%
2018-12-06,21.8,18.17,24.24,17.8,-,11.45%
2018-12-05,19.56,18.03,20.11,16.26,-,16.15%
2018-12-04,16.84,15.29,17.09,14.48,-,4.53%
2018-12-03,16.11,17.8,17.8,11.21,-,-9.80%
2018-11-30,17.86,16.33,17.96,15.12,-,8.57%
2018-11-29,16.45,15.86,17.8,14.63,-,-7.11%
2018-11-28,17.71,18.33,18.33,14.04,-,13.09%
2018-11-27,15.66,17.92,17.92,14.45,-,-11.92%
2018-11-26,17.78,18.8,18.8,15.05,-,-0.17%
2018-11-23,17.81,18.01,18.76,12.48,-,0.06%
2018-11-22,17.8,16.98,17.94,14.54,-,4.95%
2018-11-21,16.96,15.57,19.49,12.3,-,-10.45%
2018-11-20,18.94,17.58,19.5,15.2,-,10.95%
2018-11-19,17.07,18.58,18.58,13.81,-,-5.48%
2018-11-16,18.06,15.43,23.02,12.22,-,-9.52%
2018-11-15,19.96,19.55,22.64,14.51,-,-7.93%
2018-11-14,21.68,16.6,21.68,14.9,-,31.00%
2018-11-13,16.55,18.22,18.22,15.43,-,-7.13%
2018-11-12,17.82,15.61,17.82,13.35,-,9.59%
2018-11-09,16.26,15.45,16.26,13.59,-,4.63%
2018-11-08,15.54,15.14,16.42,13.14,-,2.44%
2018-11-07,15.17,17.22,17.22,13.98,-,-8.23%
2018-11-06,16.53,16.24,16.86,14.27,-,10.64%
2018-11-05,14.94,16.71,17.11,14.94,-,-7.49%
2018-11-02,16.15,16.78,16.78,10.96,-,-4.44%
2018-11-01,16.9,17.27,17.27,12.85,-,0.36%
2018-10-31,16.84,18.62,18.62,11.98,-,-8.28%
2018-10-30,18.36,17.85,19.68,16.21,-,-0.65%
2018-10-29,18.48,16.6,18.97,16.6,-,-1.96%
2018-10-26,18.85,16.47,20.97,16.47,-,14.80%
2018-10-25,16.42,17.17,18.87,15.59,-,-4.92%
2018-10-24,17.27,16.79,17.7,15.31,-,-2.15%
2018-10-23,17.65,15.8,18.34,14.44,-,15.21%
2018-10-22,15.32,15.63,16.02,14.11,-,-2.23%
2018-10-19,15.67,15.48,16.52,14.53,-,1.36%
2018-10-18,15.46,15.4,15.86,13.67,-,-0.39%
2018-10-17,15.52,15.39,19.97,13.32,-,1.11%
2018-10-16,15.35,15.99,15.99,14.62,-,-3.64%
2018-10-15,15.93,16.25,17.34,14.65,-,0.50%
2018-10-12,15.85,15.59,17.22,15.23,-,1.67%
2018-10-11,15.59,15.21,18.55,15.11,-,1.70%
2018-10-10,15.33,14.32,28.24,13.49,-,11.90%
2018-10-09,13.7,14.49,15.28,13.63,-,-9.45%
2018-10-08,15.13,13.59,15.13,13.21,-,11.33%
2018-10-05,13.59,12.51,34.91,10.31,-,8.98%
2018-10-04,12.47,10.96,12.75,10.91,-,13.99%
2018-10-03,10.94,11.91,12.17,10.76,-,-9.59%
2018-10-02,12.1,11.47,12.72,10.49,-,4.49%
2018-10-01,11.58,11.68,12.14,11.3,-,-1.45%
2018-09-28,11.75,11.3,13.53,10.8,-,3.89%
2018-09-27,11.31,11.71,12.11,10.81,-,-1.48%
2018-09-26,11.48,11.65,11.7,10.78,-,-0.78%
2018-09-25,11.57,11.99,11.99,11.09,-,-2.45%
2018-09-24,11.86,11.31,12.2,11.16,-,4.40%
2018-09-21,11.36,12.25,12.25,10.55,-,-4.22%
2018-09-20,11.86,12.18,12.34,11.04,-,-2.63%
2018-09-19,12.18,12.5,12.73,11.1,-,-1.69%
2018-09-18,12.39,12.76,12.84,11.71,-,2.99%
2018-09-17,12.03,11.83,12.65,11.27,-,0.59%
2018-09-14,11.96,12.11,12.63,11.23,-,-2.29%
2018-09-13,12.24,13.08,13.37,11.12,-,-6.06%
2018-09-12,13.03,13.01,13.38,12.43,-,-0.46%
2018-09-11,13.09,13.47,14.07,12.75,-,-2.68%
2018-09-10,13.45,13.64,14.07,13.06,-,-1.61%
2018-09-07,13.67,14.06,14.67,13.13,-,0.59%
2018-09-06,13.59,13.81,14.13,13.22,-,-1.66%
2018-09-05,13.82,13.19,14.27,12.81,-,4.22%
2018-09-04,13.26,12.84,14.08,11.77,-,3.92%
2018-09-03,12.76,12.99,13.18,12.25,-,-1.24%
2018-08-31,12.92,12.24,13.02,11.53,-,8.85%
2018-08-30,11.87,11.25,12.74,10.99,-,3.76%
2018-08-29,11.44,11.29,11.72,10.22,-,1.69%
2018-08-28,11.25,10.68,11.25,9.96,-,5.34%
2018-08-27,10.68,10.68,10.68,10.68,-,-1.11%
2018-08-24,10.8,11.8,11.8,10.45,-,-6.74%
2018-08-23,11.58,11.65,11.91,10.52,-,-1.61%
2018-08-22,11.77,11.67,12.02,11.4,-,0.68%
2018-08-21,11.69,12.52,12.52,11,-,-5.42%
2018-08-20,12.36,10.69,12.72,10.69,-,-4.11%
2018-08-17,12.89,14.28,14.28,11.86,-,-6.93%
2018-08-16,13.85,13.17,14.65,12.43,-,-7.11%
2018-08-15,14.91,13.98,16.12,11.48,-,9.39%
2018-08-14,13.63,14.15,14.15,11.52,-,-6.00%
2018-08-13,14.5,13.7,14.5,11.14,-,13.81%
2018-08-10,12.74,11.88,14.25,8.71,-,8.80%
2018-08-09,11.71,12.21,12.21,8.9,-,0.17%
2018-08-08,11.69,10.4,12.14,10.29,-,5.03%
2018-08-07,11.13,11.79,11.79,10.34,-,0.54%
2018-08-06,11.07,11.41,12.08,10.71,-,-5.14%
2018-08-03,11.67,12.56,12.7,11.4,-,-9.25%
2018-08-02,12.86,12.36,13.73,11.49,-,4.21%
2018-08-01,12.34,11.63,12.52,11.38,-,6.01%
2018-07-31,11.64,12.19,11.86,11.2,-,1.31%
2018-07-30,11.49,11.54,12.03,11.06,-,1.50%
2018-07-27,11.32,12.96,12.96,9.66,-,-0.18%
2018-07-26,11.34,11.51,11.98,10.03,-,-4.47%
2018-07-25,11.87,11.11,12.54,9.61,-,4.21%
2018-07-24,11.39,11.98,11.98,9.74,-,-5.71%
2018-07-23,12.08,10.54,12.54,10.19,-,5.32%
2018-07-20,11.47,11.54,12.52,10.51,-,-1.80%
2018-07-19,11.68,11.52,11.77,10.1,-,1.13%
2018-07-18,11.55,12.36,12.36,10.85,-,-7.75%
2018-07-17,12.52,12.56,12.73,11.24,-,7.47%
2018-07-16,11.65,10.94,12.3,10.62,-,-0.43%
2018-07-13,11.7,11.07,11.92,9.85,-,6.36%
2018-07-12,11,12.57,12.57,10.86,-,-7.49%
2018-07-11,11.89,10.98,12.66,10.4,-,3.57%
2018-07-10,11.48,12.84,12.84,11.04,-,-1.20%
2018-07-09,11.62,12.7,12.75,11.62,-,-9.78%
2018-07-06,12.88,13.69,13.73,8.64,-,-3.30%
2018-07-05,13.32,14.12,14.19,12.37,-,-6.39%
2018-07-04,14.23,14.15,14.39,13.33,-,4.33%
2018-07-03,13.64,15.84,15.84,13.61,-,-14.38%
2018-07-02,15.93,12.03,17.48,12.03,-,16.19%
2018-06-29,13.71,14.72,14.72,12.27,-,-7.74%
2018-06-28,14.86,13.98,16.18,12.93,-,3.41%
2018-06-27,14.37,14.46,16.16,12.49,-,-1.17%
2018-06-26,14.54,15.29,15.29,12.87,-,-6.44%
2018-06-25,15.54,12.57,15.54,11.3,-,25.02%
2018-06-22,12.43,13.99,13.99,11.2,-,-9.60%
2018-06-21,13.75,13.26,14.18,9.89,-,12.98%
2018-06-20,12.17,14.54,14.54,10.5,-,-5.44%
2018-06-19,12.87,13.05,14.3,9.26,-,-0.31%
2018-06-18,12.91,13.46,13.75,9.84,-,8.40%
2018-06-15,11.91,9.94,11.91,9.94,-,12.15%
2018-06-14,10.62,10.96,11.99,8.94,-,-4.24%
2018-06-13,11.09,12.31,12.31,9.09,-,-4.64%
2018-06-12,11.63,10.67,12.17,9.79,-,-2.84%
2018-06-11,11.97,11.7,12.23,9.92,-,5.56%
2018-06-08,11.34,11.34,13.45,8.31,-,16.31%
2018-06-07,9.75,12.2,13.02,9.43,-,-21.62%
2018-06-06,12.44,13.17,13.38,11,-,-2.28%
2018-06-05,12.73,12.35,13.03,11.58,-,1.84%
2018-06-04,12.5,12.88,12.94,10.35,-,0.56%
2018-06-01,12.43,13.31,13.42,11.15,-,-8.13%
2018-05-31,13.53,13.38,14.71,11.54,-,-0.88%
2018-05-30,13.65,15.66,15.66,10.24,-,-11.59%
2018-05-29,15.44,11.29,15.99,11.29,-,36.76%
2018-05-28,11.29,11.29,11.29,11.29,-,-11.17%
2018-05-25,12.71,13.47,14.49,11.44,-,-6.13%
2018-05-24,13.54,12.66,14.03,11.3,-,5.29%
2018-05-23,12.86,11.82,13.7,8.32,-,7.62%
2018-05-22,11.95,12.89,12.89,11.37,-,-5.08%
2018-05-21,12.59,12.5,12.88,10.91,-,3.03%
2018-05-18,12.22,11.77,13.07,10.36,-,4.89%
2018-05-17,11.65,11.69,11.75,10.09,-,-0.85%
2018-05-16,11.75,10.89,12.1,9.83,-,6.72%
2018-05-15,11.01,11.82,12.14,10.05,-,-7.01%
2018-05-14,11.84,11.77,12.26,8.44,-,2.16%
2018-05-11,11.59,11.83,12.42,10.96,-,-7.21%
2018-05-10,12.49,11.07,12.87,9.88,-,0.40%
2018-05-09,12.44,11.55,12.56,10.67,-,9.31%
2018-05-08,11.38,11.36,12.2,9.95,-,0.18%
2018-05-07,11.36,11.36,11.36,11.36,-,2.53%
2018-05-04,11.08,11.93,11.97,10.38,-,-10.36%
2018-05-03,12.36,11.48,13.22,10.59,-,7.76%
2018-05-02,11.47,11.55,12.06,10.72,-,-1.80%
2018-04-30,11.68,11.69,12.28,10.55,-,0.00%
2018-04-27,11.68,11.88,12.45,9.91,-,-1.60%
2018-04-26,11.87,13.21,13.21,11.47,-,-9.11%
2018-04-25,13.06,11.58,13.93,10.44,-,10.21%
2018-04-24,11.85,11.78,12.26,10.12,-,10.13%
2018-04-23,10.76,12.36,12.59,10.76,-,-6.19%
2018-04-20,11.47,11.13,12.25,10.36,-,2.78%
2018-04-19,11.16,9.03,11.98,9.03,-,4.20%
2018-04-18,10.71,11.76,11.76,10.4,-,-3.08%
2018-04-17,11.05,12.99,12.99,10.07,-,-15.65%
2018-04-16,13.1,12.97,13.69,11.1,-,1.00%
2018-04-13,12.97,15.33,15.33,10.74,-,-8.34%
2018-04-12,14.15,12.49,14.15,11.08,-,-0.35%
2018-04-11,14.2,13.62,14.57,12.55,-,4.11%
2018-04-10,13.64,13.78,14.73,12.79,-,-3.60%
2018-04-09,14.15,14.38,15.34,11.91,-,-2.14%
2018-04-06,14.46,14.15,15.26,11.9,-,0.35%
2018-04-05,14.41,16.17,16.17,11.53,-,-11.10%
2018-04-04,16.21,16,17.76,13.64,-,1.31%
2018-04-03,16,13.75,17.34,13.63,-,16.36%
2018-03-29,13.75,15.11,16.3,13.35,-,-19.92%
2018-03-28,17.17,16.51,17.6,14.07,-,2.02%
2018-03-27,16.83,17.42,17.42,13.48,-,-8.23%
2018-03-26,18.34,15.6,18.34,15.09,-,17.11%
2018-03-23,15.66,14.07,18.36,13.7,-,11.30%
2018-03-22,14.07,14.25,17.72,13.29,-,0.64%
2018-03-21,13.98,14.03,14.28,11.87,-,3.56%
2018-03-20,13.5,15.12,15.12,11.22,-,-8.41%
2018-03-19,14.74,11.71,15.2,10.65,-,9.67%
2018-03-16,13.44,8.59,13.59,8.59,-,56.46%
2018-03-15,8.59,14.13,14.35,8.59,-,-38.51%
2018-03-14,13.97,13.33,13.97,10.01,-,4.80%
2018-03-13,13.33,16.02,16.02,7.82,-,2.78%
2018-03-12,12.97,23.71,23.71,9.18,-,-6.15%
2018-03-09,13.82,12.85,15.14,10.14,-,7.55%
2018-03-08,12.85,12.8,15.78,10.18,-,0.78%
2018-03-07,12.75,13.62,14.57,11.6,-,1.19%
2018-03-06,12.6,14.72,14.72,11.09,-,-18.13%
2018-03-05,15.39,18.16,18.16,14.3,-,-15.25%
2018-03-02,18.16,14.42,19.09,13.5,-,25.94%
2018-03-01,14.42,13.99,16.3,13.07,-,2.41%
2018-02-28,14.08,12.33,14.35,11.13,-,14.19%
2018-02-27,12.33,12.97,13.25,11.35,-,-4.93%
2018-02-26,12.97,13.31,14.01,11.91,-,-2.85%
2018-02-23,13.35,15.29,15.29,13.35,-,-12.17%
2018-02-22,15.2,14.71,16.38,12.59,-,3.47%
2018-02-21,14.69,15.05,15.13,13.4,-,-2.13%
2018-02-20,15.01,15.73,16.24,14.21,-,1.62%
2018-02-19,14.77,12.42,14.97,11.97,-,16.30%
2018-02-16,12.7,13.64,15.82,12.43,-,-6.96%
2018-02-15,13.65,13.4,17.48,13.17,-,1.64%
2018-02-14,13.43,21.43,21.43,13.43,-,-21.65%
2018-02-13,17.14,18.54,23.71,17.14,-,-7.60%
2018-02-12,18.55,17.45,22.64,16.38,-,-22.12%
2018-02-09,23.82,18.5,25.88,16.98,-,30.88%
2018-02-08,18.2,14.4,19.71,14.4,-,26.39%
2018-02-07,14.4,20.05,29.61,11.44,-,-28.18%
2018-02-06,20.05,12.81,21.71,12.81,-,46.35%
2018-02-05,13.7,12.3,15.71,12.3,-,-5.12%
2018-02-02,14.44,12.96,14.44,12.13,-,11.16%
2018-02-01,12.99,12.75,14.04,10.73,-,3.67%
2018-01-31,12.53,12.38,12.69,11.53,-,11.58%
2018-01-30,11.23,11.27,13.37,11.17,-,-0.53%
2018-01-29,11.29,10.11,11.41,9.94,-,11.78%
2018-01-26,10.1,10.97,11.08,9.96,-,-7.93%
2018-01-25,10.97,9.85,11.02,9.85,-,11.48%
2018-01-24,9.84,9.13,10.71,8.81,-,7.89%
2018-01-23,9.12,10.09,10.11,9.08,-,-9.61%
2018-01-22,10.09,9.73,10.56,9.47,-,3.70%
2018-01-19,9.73,9.91,10.42,9.38,-,-1.72%
2018-01-18,9.9,9.92,10.33,8.94,-,-0.20%
2018-01-17,9.92,9.41,9.92,9.3,-,5.42%
2018-01-16,9.41,9.24,10.24,8.44,-,1.95%
2018-01-15,9.23,8.66,9.28,8.22,-,6.71%
2018-01-12,8.65,8.78,8.94,7.44,-,-1.48%
2018-01-11,8.78,9.32,9.38,7.86,-,-5.79%
2018-01-10,9.32,9.05,9.77,8.6,-,2.98%
2018-01-09,9.05,9.39,9.39,8.59,-,-3.62%
2018-01-08,9.39,8.9,9.52,8.65,-,5.51%
2018-01-05,8.9,9.18,10.33,8.04,-,-3.05%
2018-01-04,9.18,9.46,9.58,8.05,-,-2.96%
2018-01-03,9.46,9.87,10.21,9.32,-,-4.15%
2018-01-02,9.87,9.55,10.8,9.55,-,3.35%
2017-12-29,9.55,9.84,10.63,9.06,-,-2.95%
2017-12-28,9.84,9.62,9.93,9.18,-,2.29%
2017-12-27,9.62,9.38,10.15,9.27,-,2.56%
2017-12-22,9.38,9.12,9.51,8.38,-,2.96%
2017-12-21,9.11,10.09,10.58,8.24,-,-9.62%
2017-12-20,10.08,9.32,10.75,7.95,-,8.15%
2017-12-19,9.32,8.81,9.37,7.3,-,5.79%
2017-12-18,8.81,9.36,9.96,7.56,-,-5.88%
2017-12-15,9.36,9.62,10.59,7.53,-,-2.60%
2017-12-14,9.61,7.94,10.09,6.56,-,21.03%
2017-12-13,7.94,10.25,11.12,7.15,-,-22.46%
2017-12-12,10.24,10.65,57.27,7.35,-,-3.85%
2017-12-11,10.65,10.39,11.25,8.24,-,2.60%
2017-12-08,10.38,10.23,12.44,6.01,-,1.47%
2017-12-07,10.23,10.71,11.75,8.04,-,-4.48%
2017-12-06,10.71,10.8,11.76,9.71,-,-0.83%
2017-12-05,10.8,11.01,11.42,9.29,-,-1.91%
2017-12-04,11.01,12.22,12.22,9.23,-,-9.90%
2017-12-01,12.22,10.84,13.1,9.46,-,12.73%
2017-11-30,10.84,9.56,11.13,9.54,-,13.39%
2017-11-29,9.56,9.46,10.5,8.05,-,1.06%
2017-11-28,9.46,10.09,10.09,9.22,-,-6.24%
2017-11-27,10.09,9.8,10.42,9.25,-,2.96%
2017-11-24,9.8,9.94,10.07,9.65,-,-1.41%
2017-11-23,9.94,9.86,10.34,9.51,-,0.81%
2017-11-22,9.86,9.99,10.01,8.45,-,-1.30%
2017-11-21,9.99,10.69,10.88,9.63,-,-6.55%
2017-11-20,10.69,10.72,11.74,9.36,-,-0.19%
2017-11-17,10.71,10.79,11,9.93,-,-0.65%
2017-11-16,10.78,11.13,11.2,9.67,-,-3.14%
2017-11-15,11.13,10.87,11.89,10.76,-,2.39%
2017-11-14,10.87,10.84,11,9.72,-,0.37%
2017-11-13,10.83,10.61,11.42,9.55,-,2.07%
2017-11-10,10.61,10.6,11.6,9.7,-,0.19%
2017-11-09,10.59,9.7,11.42,8.54,-,9.29%
2017-11-08,9.69,9.59,9.76,8.66,-,1.04%
2017-11-07,9.59,9.41,9.82,9.17,-,2.02%
2017-11-06,9.4,9.32,9.72,7.03,-,0.97%
2017-11-03,9.31,9.87,10.36,8.39,-,-5.67%
2017-11-02,9.87,10.06,10.17,9.05,-,-1.89%
2017-11-01,10.06,9.82,10.25,9.24,-,2.44%
2017-10-31,9.82,10.36,10.44,9.57,-,-5.21%
2017-10-30,10.36,10.26,10.45,9.66,-,0.97%
2017-10-27,10.26,10.39,10.62,9.99,-,-1.25%
2017-10-26,10.39,11.7,11.7,10.23,-,-11.20%
2017-10-25,11.7,10.12,11.89,9.97,-,15.61%
2017-10-24,10.12,9.88,10.31,9.48,-,2.43%
2017-10-23,9.88,9.8,10.31,9.43,-,0.82%
2017-10-20,9.8,9.5,9.97,7.18,-,3.16%
2017-10-19,9.5,9.03,9.6,8.89,-,5.20%
2017-10-18,9.03,9.03,9.03,9.03,-,0.00%
2017-10-17,9.03,9.09,10.56,8.66,-,-0.55%
2017-10-16,9.08,9.14,9.5,8.97,-,-0.55%
2017-10-13,9.13,9.55,9.87,9.05,-,-4.40%
2017-10-12,9.55,9.89,9.96,9.38,-,-3.44%
2017-10-11,9.89,10.18,11.09,9.82,-,-2.85%
2017-10-10,10.18,9.94,10.25,9.31,-,2.41%
2017-10-09,9.94,9.98,10.33,9.38,-,-0.40%
2017-10-06,9.98,9.81,10.15,9.27,-,1.73%
2017-10-05,9.81,10.55,10.57,9.36,-,-6.93%
2017-10-04,10.54,10.33,10.7,9.73,-,2.13%
2017-10-03,10.32,10.44,10.49,9.7,-,-1.15%
2017-10-02,10.44,10.43,10.82,9.86,-,0.10%
2017-09-29,10.43,10.64,10.88,9.98,-,-1.97%
2017-09-28,10.64,10.71,10.97,10.13,-,-0.65%
2017-09-27,10.71,10.9,10.96,10.39,-,-1.65%
2017-09-26,10.89,11.16,11.17,10.21,-,-2.33%
2017-09-25,11.15,10.6,11.41,9.8,-,5.19%
2017-09-22,10.6,10.51,11.06,10.1,-,0.95%
2017-09-21,10.5,10.96,11.02,10.29,-,-4.20%
2017-09-20,10.96,10.33,11.58,9.6,-,6.20%
2017-09-19,10.32,10.33,10.82,9.53,-,-0.10%
2017-09-18,10.33,10.98,11.33,10.29,-,-5.92%
2017-09-15,10.98,10.91,13.01,9.04,-,0.73%
2017-09-14,10.9,9.72,12.13,8.38,-,12.14%
2017-09-13,9.72,9.09,10.89,7.05,-,7.05%
2017-09-12,9.08,10.71,11.87,7.23,-,-15.22%
2017-09-11,10.71,11.99,11.99,9.67,-,-10.68%
2017-09-08,11.99,11.85,13.32,10.37,-,1.18%
2017-09-07,11.85,12.89,15.9,10.3,-,-8.00%
2017-09-06,12.88,13,13.72,11.77,-,-0.92%
2017-09-05,13,12.64,13.21,11.03,-,2.85%
2017-09-04,12.64,11.18,12.84,11.02,-,13.06%
2017-09-01,11.18,11.64,11.64,9.95,-,-3.95%
2017-08-31,11.64,11.81,11.92,10.48,-,-1.44%
2017-08-30,11.81,12.48,12.48,10.19,-,-5.37%
2017-08-29,12.48,10.89,13.51,10.48,-,14.60%
2017-08-28,10.89,10.89,10.89,10.89,-,0.00%
2017-08-25,10.89,10.79,10.99,9.82,-,1.02%
2017-08-24,10.78,11.2,11.2,9.87,-,-3.66%
2017-08-23,11.19,11.39,11.91,10.43,-,-1.76%
2017-08-22,11.39,13.07,13.07,10.58,-,-12.79%
2017-08-21,13.06,12.85,14.07,12.27,-,1.63%
2017-08-18,12.85,11.03,13.94,11.03,-,16.50%
2017-08-17,11.03,10.72,11.62,9.93,-,2.89%
2017-08-16,10.72,11.07,12.7,6.98,-,-3.16%
2017-08-15,11.07,11.77,16.29,10.31,-,-5.95%
2017-08-14,11.77,13.93,13.93,11.4,-,-15.51%
2017-08-11,13.93,13.6,18.55,13.23,-,2.43%
2017-08-10,13.6,10.71,13.62,9.12,-,26.98%
2017-08-09,10.71,9.13,11.17,9.13,-,17.31%
2017-08-08,9.13,9.66,9.66,9.11,-,-5.49%
2017-08-07,9.66,9.36,10.21,9.3,-,3.21%
2017-08-04,9.36,9.94,10.15,9.03,-,-5.84%
2017-08-03,9.94,10.09,10.9,9.51,-,-1.49%
2017-08-02,10.09,10.33,10.79,9.98,-,-2.32%
2017-08-01,10.33,10.82,10.82,9.79,-,-4.53%
2017-07-31,10.82,10.3,10.92,9.38,-,5.05%
2017-07-28,10.3,9.9,11.1,9.32,-,4.04%
2017-07-27,9.9,9.65,10.06,8.77,-,2.59%
2017-07-26,9.65,9.93,10.19,9.07,-,-2.82%
2017-07-25,9.93,11.1,11.1,9.69,-,-10.54%
2017-07-24,11.1,10.13,11.36,9.1,-,9.58%
2017-07-21,10.13,9.66,10.94,8.96,-,4.97%
2017-07-20,9.65,10.21,10.21,8.51,-,-5.39%
2017-07-19,10.2,10.99,10.99,9.49,-,-7.19%
2017-07-18,10.99,9.72,10.99,9.21,-,13.18%
2017-07-17,9.71,9.65,10.09,8.19,-,0.73%
2017-07-14,9.64,9.73,11.32,8.58,-,-0.92%
2017-07-13,9.73,10.27,10.27,9.01,-,-5.26%
2017-07-12,10.27,11.11,11.11,10.24,-,-7.56%
2017-07-11,11.11,11.17,11.61,10.67,-,-0.54%
2017-07-10,11.17,11.78,11.95,9.72,-,-5.10%
2017-07-07,11.77,11.85,12.09,11.14,-,-0.68%
2017-07-06,11.85,11,12.46,10.53,-,7.73%
2017-07-05,11,10.85,11.57,10.1,-,1.48%
2017-07-04,10.84,11.14,11.46,10.41,-,-2.69%
2017-07-03,11.14,13.04,13.04,10.65,-,-14.50%
2017-06-30,13.03,12.63,13.27,11.62,-,3.25%
2017-06-29,12.62,11.22,12.85,10.46,-,12.58%
2017-06-28,11.21,11.08,12.28,10.11,-,1.17%
2017-06-27,11.08,10.51,11.43,10.16,-,5.42%
2017-06-26,10.51,10.39,11.03,10.29,-,1.25%
2017-06-23,10.38,11.19,11.83,10.37,-,-7.24%
2017-06-22,11.19,10.85,12.32,10,-,3.23%
2017-06-21,10.84,10.62,11.9,8.81,-,2.07%
2017-06-20,10.62,9.19,10.62,8.56,-,15.56%
2017-06-19,9.19,9.96,10.58,9.1,-,-7.73%
2017-06-16,9.96,11.31,11.31,8.85,-,-11.94%
2017-06-15,11.31,9.98,12.19,9.28,-,13.33%
2017-06-14,9.98,9.93,10.44,9.5,-,0.60%
2017-06-13,9.92,10.48,10.48,9.11,-,-5.34%
2017-06-12,10.48,9.86,11.53,9.86,-,6.40%
2017-06-09,9.85,11.05,11.05,7.68,-,-10.86%
2017-06-08,11.05,11.8,11.8,9.95,-,-6.28%
2017-06-07,11.79,11.96,12.09,11.36,-,-1.34%
2017-06-06,11.95,11.6,12.1,11.44,-,3.02%
2017-06-05,11.6,10.83,11.66,10.83,-,7.21%
2017-06-02,10.82,11.29,12.07,10.68,-,-4.16%
2017-06-01,11.29,11.67,11.67,10.97,-,-3.26%
2017-05-31,11.67,11.02,11.67,10.54,-,5.99%
2017-05-30,11.01,10.19,11.21,10.19,-,8.05%
2017-05-29,10.19,10.19,10.19,10.19,-,0.10%
2017-05-26,10.18,10.14,10.8,9.8,-,0.39%
2017-05-25,10.14,10.31,10.51,9.82,-,-1.65%
2017-05-24,10.31,10.63,10.63,10.18,-,-3.01%
2017-05-23,10.63,10.71,11.94,9.49,-,-0.75%
2017-05-22,10.71,11.47,11.55,10.71,-,-6.63%
2017-05-19,11.47,13.03,13.03,11.07,-,-11.97%
2017-05-18,13.03,11.78,14.48,10.46,-,10.61%
2017-05-17,11.78,10.63,12.39,10.08,-,10.92%
2017-05-16,10.62,10.47,10.9,9.99,-,1.43%
2017-05-15,10.47,10.1,11.14,10.1,-,3.66%
2017-05-12,10.1,10.1,10.71,9.57,-,0.00%
2017-05-11,10.1,10.31,11.2,8.65,-,-1.94%
2017-05-10,10.3,10.21,10.77,9.11,-,0.88%
2017-05-09,10.21,10.74,10.74,9.69,-,-4.85%
2017-05-08,10.73,10.49,11.03,6.97,-,2.29%
2017-05-05,10.49,10.68,11.38,9.43,-,-1.78%
2017-05-04,10.68,11.85,11.85,9.76,-,-9.87%
2017-05-03,11.85,11.62,12.04,10.44,-,1.98%
2017-05-02,11.62,11.17,11.8,10.35,-,4.03%
2017-04-28,11.17,11.08,11.4,9.94,-,0.81%
2017-04-27,11.08,10.7,11.13,9.81,-,3.55%
2017-04-26,10.7,10.56,10.7,9.43,-,1.42%
2017-04-25,10.55,11.36,11.36,10.01,-,-7.13%
2017-04-24,11.36,15.99,15.99,8.55,-,-28.96%
2017-04-21,15.99,15.76,16.36,14.76,-,1.52%
2017-04-20,15.75,15.74,16.12,14.32,-,0.06%
2017-04-19,15.74,16.29,16.6,14.61,-,-3.38%
2017-04-18,16.29,14.77,16.76,11.32,-,10.37%
2017-04-13,14.76,13.93,16.14,13.36,-,5.96%
2017-04-12,13.93,13.85,14.08,12.79,-,0.65%
2017-04-11,13.84,13.5,15.01,12.08,-,2.52%
2017-04-10,13.5,12.62,14.23,12.62,-,6.97%
2017-04-07,12.62,12.64,13.21,11.88,-,-0.16%
2017-04-06,12.64,12.31,13.2,11.36,-,2.76%
2017-04-05,12.3,11.94,12.33,10.46,-,3.02%
2017-04-04,11.94,11.72,12.64,10.86,-,1.96%
2017-04-03,11.71,11.82,12.42,10.73,-,-0.85%
2017-03-31,11.81,11.11,11.9,10.34,-,6.40%
2017-03-30,11.1,11.51,11.86,10.08,-,-3.56%
2017-03-29,11.51,11.89,12.42,11.06,-,-3.11%
2017-03-28,11.88,12.98,13.01,11.58,-,-8.47%
2017-03-27,12.98,11.66,13.87,11.66,-,11.42%
2017-03-24,11.65,11.7,12.39,10.71,-,-0.43%
2017-03-23,11.7,11.36,11.79,10.93,-,3.08%
2017-03-22,11.35,10.22,12.13,9.22,-,11.06%
2017-03-21,10.22,9.36,10.71,8.65,-,9.30%
2017-03-20,9.35,8.38,10,8.38,-,11.71%
2017-03-17,8.37,8.22,9.96,7.73,-,1.95%
2017-03-16,8.21,8.44,9.57,7.62,-,-2.61%
2017-03-15,8.43,9.34,9.79,8.4,-,-9.65%
2017-03-14,9.33,6.21,11.37,6.21,-,50.24%
2017-03-13,6.21,6.21,6.21,6.21,-,0.32%
2017-03-10,6.19,6.45,7.64,5.56,-,-3.88%
2017-03-09,6.44,10.11,10.11,4.88,-,-36.30%
2017-03-08,10.11,9.96,10.55,9.61,-,1.51%
2017-03-07,9.96,10.33,10.33,9.71,-,-3.58%
2017-03-06,10.33,10.59,10.88,10.06,-,-2.36%
2017-03-03,10.58,11.06,11.27,9.55,-,-4.34%
2017-03-02,11.06,10.93,11.13,9.71,-,1.19%
2017-03-01,10.93,11.12,11.61,9.78,-,-1.62%
2017-02-28,11.11,11.31,11.52,11.05,-,-1.77%
2017-02-27,11.31,10.82,12.09,10.82,-,4.53%
2017-02-24,10.82,11.2,12.3,10.44,-,-3.39%
2017-02-23,11.2,10.17,11.3,9.35,-,10.13%
2017-02-22,10.17,10.56,11.07,9.99,-,-3.69%
2017-02-21,10.56,10.42,11.2,10.32,-,1.44%
2017-02-20,10.41,10.55,10.79,9.71,-,-1.33%
2017-02-17,10.55,11.34,11.47,10.36,-,-6.97%
2017-02-16,11.34,10.7,11.51,10.23,-,5.98%
2017-02-15,10.7,10.94,10.96,9.94,-,-2.19%
2017-02-14,10.94,10.56,11.39,10.3,-,3.70%
2017-02-13,10.55,10.77,11.34,10.25,-,-2.04%
2017-02-10,10.77,11.38,11.38,10.16,-,-5.36%
2017-02-09,11.38,11.94,11.98,11.07,-,-4.69%
2017-02-08,11.94,12.07,12.61,11.51,-,-1.08%
2017-02-07,12.07,11.47,12.14,11.05,-,5.32%
2017-02-06,11.46,11.32,11.89,11.21,-,1.24%
2017-02-03,11.32,12.02,12.1,11.15,-,-5.82%
2017-02-02,12.02,12.8,14.08,11.89,-,-6.02%
2017-02-01,12.79,12.96,12.96,12.1,-,-1.24%
2017-01-31,12.95,13.05,13.09,12.15,-,-0.69%
2017-01-30,13.04,11.16,13.12,11.16,-,16.85%
2017-01-27,11.16,11.43,11.48,10.8,-,-2.28%
2017-01-26,11.42,11.87,11.87,10.97,-,-3.79%
2017-01-25,11.87,12.65,12.65,11.77,-,-6.17%
2017-01-24,12.65,12.93,13.17,12.34,-,-2.09%
2017-01-23,12.92,11.13,13.19,11.13,-,16.19%
2017-01-20,11.12,11.39,11.78,10.7,-,-2.28%
2017-01-19,11.38,11.54,12.15,11.1,-,-1.30%
2017-01-18,11.53,12.39,12.5,11.51,-,-6.94%
2017-01-17,12.39,11.71,12.79,11.55,-,5.90%
2017-01-16,11.7,11.21,12.69,11.21,-,4.37%
2017-01-13,11.21,11.2,12.04,10.15,-,0.18%
2017-01-12,11.19,12.27,12.27,9.25,-,-8.80%
2017-01-11,12.27,11.44,12.29,9.41,-,7.35%
2017-01-10,11.43,11.46,11.72,11.12,-,-0.26%
2017-01-09,11.46,11.32,12.12,11.32,-,1.33%
2017-01-06,11.31,11.99,12.08,11.3,-,-5.59%
2017-01-05,11.98,12.28,12.36,11.91,-,-2.44%
2017-01-04,12.28,13.25,13.4,12.27,-,-7.32%
2017-01-03,13.25,11.57,13.98,11.29,-,14.52%
2017-01-02,11.57,11.57,11.57,11.57,-,0.09%
2016-12-30,11.56,13.61,13.83,11.04,-,-15.06%
2016-12-29,13.61,12.89,13.8,12.73,-,5.67%
2016-12-28,12.88,11.63,13.03,11.58,-,10.75%
2016-12-27,11.63,11.63,11.63,11.63,-,0.00%
2016-12-23,11.63,11.4,11.71,11.24,-,2.11%
2016-12-22,11.39,11.43,11.94,10.99,-,-0.26%
2016-12-21,11.42,11.51,12.05,11.37,-,-0.78%
2016-12-20,11.51,11.37,11.67,11.11,-,1.32%
2016-12-19,11.36,11.32,11.81,9.56,-,0.44%
2016-12-16,11.31,11.14,11.44,10.24,-,1.62%
2016-12-15,11.13,11.24,11.49,9.93,-,-0.98%
2016-12-14,11.24,11.55,12.17,10.94,-,-2.60%
2016-12-13,11.54,12.05,12.34,11.21,-,-4.15%
2016-12-12,12.04,10.96,12.15,10.82,-,9.95%
2016-12-09,10.95,10.65,11.62,10.4,-,2.91%
2016-12-08,10.64,12.29,14.67,10.54,-,-13.36%
2016-12-07,12.28,12.56,12.56,12.05,-,-2.23%
2016-12-06,12.56,13.53,13.82,12.48,-,-7.17%
2016-12-05,13.53,15.55,15.55,12.16,-,-12.99%
2016-12-02,15.55,16.37,17.34,15.39,-,-5.01%
2016-12-01,16.37,15.95,17.91,15.66,-,2.63%
2016-11-30,15.95,16.12,17.07,15.36,-,-1.05%
2016-11-29,16.12,16.51,17.4,16.11,-,-2.36%
2016-11-28,16.51,15.3,16.67,15.3,-,7.98%
2016-11-25,15.29,14.74,15.52,14.53,-,3.80%
2016-11-24,14.73,15.11,15.17,14.67,-,-2.51%
2016-11-23,15.11,14.62,15.42,14.13,-,3.35%
2016-11-22,14.62,14.76,14.76,14.07,-,-0.88%
2016-11-21,14.75,14.71,15.44,14.4,-,0.34%
2016-11-18,14.7,14.91,15.25,14.38,-,-1.34%
2016-11-17,14.9,15.7,15.7,14.79,-,-5.10%
2016-11-16,15.7,15.73,16.47,15.36,-,-0.19%
2016-11-15,15.73,16.74,16.74,15.73,-,-5.98%
2016-11-14,16.73,16.69,17.62,15.82,-,0.24%
2016-11-11,16.69,16.16,17.7,14.98,-,3.28%
2016-11-10,16.16,16.1,16.95,13.78,-,0.44%
2016-11-09,16.09,18.74,18.74,15.7,-,-14.14%
2016-11-08,18.74,19.59,19.59,18.54,-,-4.34%
2016-11-07,19.59,20.33,20.33,17.05,-,-3.64%
2016-11-04,20.33,18.77,20.65,18.77,-,8.37%
2016-11-03,18.76,18.3,18.79,17.54,-,2.57%
2016-11-02,18.29,17.61,18.72,17.58,-,3.92%
2016-11-01,17.6,16.03,17.7,15.53,-,9.79%
2016-10-31,16.03,14.61,17.05,14.61,-,9.79%
2016-10-28,14.6,14.46,15.48,14.46,-,0.97%
2016-10-27,14.46,14.09,15.05,13.98,-,2.70%
2016-10-26,14.08,13.7,14.95,13.7,-,2.77%
2016-10-25,13.7,13.17,13.89,12.73,-,4.02%
2016-10-24,13.17,13.05,13.75,13.05,-,0.92%
2016-10-21,13.05,13.38,13.38,12.73,-,-2.47%
2016-10-20,13.38,13.44,14,12.95,-,-0.37%
2016-10-19,13.43,15.02,15.04,13.43,-,-10.59%
2016-10-18,15.02,15.68,18.88,14.38,-,-4.15%
2016-10-17,15.67,14.73,16.05,14.73,-,6.38%
2016-10-14,14.73,16.05,16.05,14.2,-,-8.17%
2016-10-13,16.04,15.85,17.1,15.85,-,1.26%
2016-10-12,15.84,15.17,15.99,14.96,-,4.42%
2016-10-11,15.17,15.12,15.29,14.36,-,0.33%
2016-10-10,15.12,15.29,16.05,12.05,-,-1.05%
2016-10-07,15.28,14.93,15.89,13.87,-,2.34%
2016-10-06,14.93,14.86,15.02,14.47,-,0.47%
2016-10-05,14.86,14.47,15.42,10.96,-,2.70%
2016-10-04,14.47,14.99,15.38,14.05,-,-3.47%
2016-10-03,14.99,14.21,15.24,14.21,-,5.56%
2016-09-30,14.2,14.1,16.96,14.1,-,0.78%
2016-09-29,14.09,14.3,14.35,13.07,-,-1.40%
2016-09-28,14.29,15.09,15.09,14.03,-,-5.30%
2016-09-27,15.09,14.91,15.89,13.58,-,1.21%
2016-09-26,14.91,12.37,15.19,12.37,-,20.53%
2016-09-23,12.37,12.45,12.76,12.18,-,-0.64%
2016-09-22,12.45,14.02,14.02,11.05,-,-11.20%
2016-09-21,14.02,14.15,14.17,12.21,-,-0.92%
2016-09-20,14.15,13.73,14.17,13.44,-,3.06%
2016-09-19,13.73,14.92,14.92,12.05,-,-7.91%
2016-09-16,14.91,15,15.56,14.29,-,-0.60%
2016-09-15,15,16.41,18.27,14.96,-,-8.54%
2016-09-14,16.4,17.09,17.13,15.66,-,-3.98%
2016-09-13,17.08,16.12,17.08,15.05,-,5.96%
2016-09-12,16.12,12.86,17.63,12.86,-,25.45%
2016-09-09,12.85,10.65,14.05,10.1,-,20.77%
2016-09-08,10.64,12.86,15.92,10.19,-,-17.26%
2016-09-07,12.86,13.51,16.28,12.81,-,-4.81%
2016-09-06,13.51,12.79,13.51,10.62,-,5.63%
2016-09-05,12.79,12.08,13.15,12.08,-,5.97%
2016-09-02,12.07,14.15,14.15,11.81,-,-14.64%
2016-09-01,14.14,13.37,14.49,12.62,-,5.84%
2016-08-31,13.36,13.33,13.74,13.01,-,0.23%
2016-08-30,13.33,12.84,13.58,12.22,-,3.82%
2016-08-29,12.84,12.84,12.84,12.84,-,0.08%
2016-08-26,12.83,13.68,13.98,12.77,-,-6.21%
2016-08-25,13.68,13.06,13.95,11.06,-,4.75%
2016-08-24,13.06,12.87,13.46,12.77,-,1.48%
2016-08-23,12.87,14.07,14.07,11.25,-,-8.46%
2016-08-22,14.06,13.18,14.47,12.57,-,6.76%
2016-08-19,13.17,12.01,13.24,11.67,-,9.66%
2016-08-18,12.01,13.5,13.5,11.76,-,-11.04%
2016-08-17,13.5,13.22,14.05,12.51,-,2.12%
2016-08-16,13.22,12.82,13.71,12.36,-,3.20%
2016-08-15,12.81,12.39,13.05,12.11,-,3.39%
2016-08-12,12.39,12.45,12.73,11.29,-,-0.48%
2016-08-11,12.45,13.28,13.46,11.27,-,-6.25%
2016-08-10,13.28,12.49,13.31,12.24,-,6.33%
2016-08-09,12.49,12.26,12.68,11.77,-,1.96%
2016-08-08,12.25,12.76,12.76,12.25,-,-4.00%
2016-08-05,12.76,13.36,13.44,11.46,-,-4.49%
2016-08-04,13.36,15.22,17.01,11.91,-,-12.16%
2016-08-03,15.21,14.87,15.56,13.83,-,2.36%
2016-08-02,14.86,12.89,15.27,12.57,-,15.28%
2016-08-01,12.89,12.94,13.52,10.84,-,-0.39%
2016-07-29,12.94,13.82,14.11,11.87,-,-6.30%
2016-07-28,13.81,13.14,14.03,12.15,-,5.10%
2016-07-27,13.14,13.45,13.45,12.39,-,-2.30%
2016-07-26,13.45,12.93,14.01,12.83,-,4.02%
2016-07-25,12.93,13.25,13.76,12.77,-,-2.42%
2016-07-22,13.25,13.16,13.56,12.58,-,0.76%
2016-07-21,13.15,13.31,13.84,12.36,-,-1.20%
2016-07-20,13.31,13.76,13.76,12.32,-,-3.27%
2016-07-19,13.76,12.43,15.41,12.43,-,10.79%
2016-07-18,12.42,15.67,15.67,12.42,-,-20.74%
2016-07-15,15.67,14.36,15.97,13.98,-,9.12%
2016-07-14,14.36,16.69,16.69,12.92,-,-13.96%
2016-07-13,16.69,15.3,16.85,14,-,9.16%
2016-07-12,15.29,17.23,17.23,13.56,-,-11.26%
2016-07-11,17.23,18.04,18.04,15.05,-,-4.49%
2016-07-08,18.04,18.22,23.78,16.96,-,-0.99%
2016-07-07,18.22,20.83,23.61,17.61,-,-12.53%
2016-07-06,20.83,18.95,21.97,18.66,-,9.98%
2016-07-05,18.94,20.85,22.09,18.5,-,-9.16%
2016-07-04,20.85,18.85,21.1,18.69,-,10.61%
2016-07-01,18.85,19.89,20.6,18.51,-,-5.23%
2016-06-30,19.89,22.29,23.23,18.47,-,-10.77%
2016-06-29,22.29,24.34,24.34,20.85,-,-8.42%
2016-06-28,24.34,28.6,28.6,21.77,-,-14.87%
2016-06-27,28.59,24.36,28.96,22.42,-,17.41%
2016-06-24,24.35,25.78,55.93,14.76,-,-5.55%
2016-06-23,25.78,29.71,29.71,20.62,-,-13.23%
2016-06-22,29.71,27.9,30.86,27.09,-,6.49%
2016-06-21,27.9,27.44,28.44,26.05,-,1.68%
2016-06-20,27.44,30.38,30.38,24.18,-,-9.68%
2016-06-17,30.38,32.48,32.48,29.72,-,-6.47%
2016-06-16,32.48,29.41,36.92,27.45,-,10.44%
2016-06-15,29.41,29.65,29.74,24.27,-,-0.81%
2016-06-14,29.65,26.49,29.66,23.6,-,11.97%
2016-06-13,26.48,24.86,27.79,24.86,-,6.56%
2016-06-10,24.85,21.8,25.55,21.8,-,14.04%
2016-06-09,21.79,19.09,22.14,19.09,-,14.14%
2016-06-08,19.09,19.19,19.74,13.79,-,-0.52%
2016-06-07,19.19,18.75,19.27,17.66,-,2.40%
2016-06-06,18.74,18.64,19.23,17.93,-,0.59%
2016-06-03,18.63,18.69,19.48,17.4,-,-0.27%
2016-06-02,18.68,19.05,19.05,17.95,-,-1.89%
2016-06-01,19.04,17.42,19.56,17.42,-,9.36%
2016-05-31,17.41,15.8,17.92,15.8,-,10.19%
2016-05-30,15.8,15.8,15.8,15.8,-,0.00%
2016-05-27,15.8,16.68,16.68,15.49,-,-5.28%
2016-05-26,16.68,16.64,17.38,14.89,-,0.30%
2016-05-25,16.63,16.95,18.01,15.03,-,-1.89%
2016-05-24,16.95,17.95,18.8,16.57,-,-5.57%
2016-05-23,17.95,17.41,19.02,15.24,-,3.16%
2016-05-20,17.4,18.57,18.62,17,-,-6.25%
2016-05-19,18.56,16.66,18.7,16.66,-,11.47%
2016-05-18,16.65,17.5,18.5,16.44,-,-4.80%
2016-05-17,17.49,16.58,17.69,16.36,-,5.55%
2016-05-16,16.57,15.75,18.16,15.75,-,5.27%
2016-05-13,15.74,15.64,19.45,15.48,-,0.70%
2016-05-12,15.63,17.16,18.76,14.14,-,-8.86%
2016-05-11,17.15,17.78,18.07,16.92,-,-3.54%
2016-05-10,17.78,18.74,18.74,17.4,-,-5.07%
2016-05-09,18.73,18.59,18.97,17.96,-,0.75%
2016-05-06,18.59,19.12,19.66,16.06,-,-2.77%
2016-05-05,19.12,19.95,19.95,18.35,-,-4.11%
2016-05-04,19.94,18.64,20.15,18.46,-,6.97%
2016-05-03,18.64,16.75,19.24,15.93,-,11.28%
2016-05-02,16.75,16.75,16.75,16.75,-,0.06%
2016-04-29,16.74,14.83,16.76,14.83,-,12.96%
2016-04-28,14.82,15.31,16.87,14.8,-,-3.14%
2016-04-27,15.3,15.11,15.75,14.9,-,1.32%
2016-04-26,15.1,16.7,16.7,13.6,-,-9.53%
2016-04-25,16.69,15.51,16.84,15.29,-,7.68%
2016-04-22,15.5,13.88,15.65,13.88,-,11.75%
2016-04-21,13.87,13.9,15.09,13.23,-,-0.22%
2016-04-20,13.9,14.11,15.01,13.84,-,-1.42%
2016-04-19,14.1,15.13,15.13,14.07,-,-6.75%
2016-04-18,15.12,14.88,16.88,14.88,-,1.68%
2016-04-15,14.87,14.39,15.29,13.38,-,3.41%
2016-04-14,14.38,14.57,15.04,14.1,-,-1.24%
2016-04-13,14.56,15.93,15.93,13.09,-,-8.54%
2016-04-12,15.92,16.27,17.05,15.49,-,-2.15%
2016-04-11,16.27,15.85,17.49,15.66,-,2.71%
2016-04-08,15.84,16.93,16.93,15.05,-,-6.38%
2016-04-07,16.92,16.98,17.02,14.1,-,-0.29%
2016-04-06,16.97,18.8,18.8,16.97,-,-9.73%
2016-04-05,18.8,16.72,19.01,14.86,-,12.51%
2016-04-04,16.71,16.87,17.79,14.52,-,-0.89%
2016-04-01,16.86,16.5,19.02,15.37,-,2.18%
2016-03-31,16.5,16.24,17.18,13.67,-,1.66%
2016-03-30,16.23,19.12,19.12,15.78,-,-15.07%
2016-03-29,19.11,18.16,19.61,13.33,-,5.29%
2016-03-24,18.15,16.11,18.67,16.11,-,12.73%
2016-03-23,16.1,16.04,16.75,14.96,-,0.44%
2016-03-22,16.03,15.48,18.17,15.48,-,3.55%
2016-03-21,15.48,13.99,15.78,13.67,-,10.73%
2016-03-18,13.98,14.8,14.92,13.21,-,-5.48%
2016-03-17,14.79,15.97,17.01,14.3,-,-7.33%
2016-03-16,15.96,16.71,17.03,15.92,-,-4.49%
2016-03-15,16.71,16.81,17.63,16.59,-,-0.59%
2016-03-14,16.81,17.72,18.14,14.45,-,-5.08%
2016-03-11,17.71,20.71,20.81,17.71,-,-14.49%
2016-03-10,20.71,19.81,20.8,16.89,-,4.54%
2016-03-09,19.81,20.11,20.6,19.47,-,-1.44%
2016-03-08,20.1,18.46,20.78,18.46,-,8.88%
2016-03-07,18.46,17.28,19.05,16.48,-,6.89%
2016-03-04,17.27,19.11,19.11,17,-,-9.63%
2016-03-03,19.11,19.73,19.9,16.8,-,-3.14%
2016-03-02,19.73,20.85,20.9,18.43,-,-5.37%
2016-03-01,20.85,22.07,22.23,20.72,-,-5.49%
2016-02-29,22.06,21.52,23.45,21.39,-,2.56%
2016-02-26,21.51,23.4,23.4,21.32,-,-8.08%
2016-02-25,23.4,25.91,25.91,23.34,-,-9.69%
2016-02-24,25.91,24,26.4,23.91,-,8.00%
2016-02-23,23.99,23.1,24.25,23.04,-,3.85%
2016-02-22,23.1,25.3,25.3,21.02,-,-8.66%
2016-02-19,25.29,24.74,25.72,23.67,-,2.26%
2016-02-18,24.73,24.02,25.19,20.78,-,2.96%
2016-02-17,24.02,26.99,26.99,24.02,-,-11.00%
2016-02-16,26.99,27.82,27.82,26.55,-,-2.98%
2016-02-15,27.82,30,30,23.13,-,-7.24%
2016-02-12,29.99,31.75,31.75,29.66,-,-5.54%
2016-02-11,31.75,28.27,34.39,26.54,-,12.31%
2016-02-10,28.27,29.14,29.77,27.22,-,-2.95%
2016-02-09,29.13,28.84,30.73,26.66,-,1.01%
2016-02-08,28.84,25.18,29.55,24.87,-,14.54%
2016-02-05,25.18,24.62,25.83,23.61,-,2.27%
2016-02-04,24.62,25.13,26.2,20.37,-,-1.99%
2016-02-03,25.12,24.3,26.39,22.18,-,3.42%
2016-02-02,24.29,22.13,25.34,22.13,-,9.81%
2016-02-01,22.12,21.87,23.64,21.33,-,1.14%
2016-01-29,21.87,24.36,24.36,21.51,-,-10.18%
2016-01-28,24.35,22.89,25.36,22.43,-,6.42%
2016-01-27,22.88,23.87,24.77,20.59,-,-4.11%
2016-01-26,23.86,23.78,26.44,23.49,-,0.38%
2016-01-25,23.77,23.54,24.81,23.47,-,0.98%
2016-01-22,23.54,26.18,26.18,19.73,-,-10.05%
2016-01-21,26.17,29.03,29.03,25.93,-,-9.82%
2016-01-20,29.02,24.39,29.88,24.39,-,19.03%
2016-01-19,24.38,27.07,27.07,23.19,-,-9.90%
2016-01-18,27.06,28.71,28.71,26.27,-,-5.75%
2016-01-15,28.71,23.77,29.55,23.45,-,20.78%
2016-01-14,23.77,22.89,25.98,22.89,-,3.84%
2016-01-13,22.89,24.26,24.26,19.59,-,-5.61%
2016-01-12,24.25,26.48,26.58,23.53,-,-8.39%
2016-01-11,26.47,27.05,28.15,25.57,-,-2.11%
2016-01-08,27.04,24.88,27.05,22.98,-,8.73%
2016-01-07,24.87,21.82,26.99,21.82,-,14.03%
2016-01-06,21.81,21.5,23.51,20.69,-,1.44%
2016-01-05,21.5,22.42,22.63,20.3,-,-4.06%
2016-01-04,22.41,17.46,22.63,17.46,-,28.42%
2015-12-31,17.45,16.93,17.65,16.37,-,3.13%
2015-12-30,16.92,16.19,17.29,15.53,-,4.57%
2015-12-29,16.18,15.71,16.74,15.71,-,2.99%
2015-12-28,15.71,15.71,15.71,15.71,-,0.06%
2015-12-24,15.7,15.89,15.99,14.72,-,-1.20%
2015-12-23,15.89,17.86,17.86,13.99,-,-10.98%
2015-12-22,17.85,19.6,19.95,17.83,-,-8.88%
2015-12-21,19.59,19.5,20.19,18.41,-,0.51%
2015-12-18,19.49,18.57,19.91,18.15,-,5.01%
2015-12-17,18.56,19.7,19.7,11.69,-,-5.74%
2015-12-16,19.69,20.89,21.03,19.12,-,-5.74%
2015-12-15,20.89,23.9,23.9,20.66,-,-12.59%
2015-12-14,23.9,20.79,24.35,20.29,-,14.96%
2015-12-11,20.79,16.86,21.94,16.68,-,23.38%
2015-12-10,16.85,16.56,17.6,16.53,-,1.75%
2015-12-09,16.56,17.04,17.75,16.42,-,-2.82%
2015-12-08,17.04,15.81,17.82,15.6,-,7.85%
2015-12-07,15.8,15.89,16.08,15.12,-,-0.50%
2015-12-04,15.88,15.9,17.1,12.94,-,-0.06%
2015-12-03,15.89,15.47,16.21,13.89,-,2.71%
2015-12-02,15.47,16.36,16.36,15.34,-,-5.38%
2015-12-01,16.35,16.95,17.04,15.94,-,-3.54%
2015-11-30,16.95,16.09,17.26,15,-,5.34%
2015-11-27,16.09,15.78,16.74,15.78,-,1.96%
2015-11-26,15.78,16.25,16.25,15.63,-,-2.89%
2015-11-25,16.25,17.42,17.42,15.05,-,-6.72%
2015-11-24,17.42,16.49,18.36,15.09,-,5.70%
2015-11-23,16.48,16.06,17.41,16.06,-,2.62%
2015-11-20,16.06,16.8,17.18,15.44,-,-4.40%
2015-11-19,16.8,18.12,18.12,16.44,-,-7.28%
2015-11-18,18.12,17.77,18.57,17.77,-,2.03%
2015-11-17,17.76,19.53,19.53,17.03,-,-9.06%
2015-11-16,19.53,19.56,20.5,19.19,-,-0.15%
2015-11-13,19.56,16.71,19.64,16.71,-,17.06%
2015-11-12,16.71,15.53,17.3,15.2,-,7.60%
2015-11-11,15.53,16.13,16.13,15.23,-,-3.72%
2015-11-10,16.13,15.51,16.47,14.37,-,4.06%
2015-11-09,15.5,14.68,15.54,14.65,-,5.59%
2015-11-06,14.68,15.24,15.57,14.6,-,-3.61%
2015-11-05,15.23,14.77,15.53,14.59,-,3.11%
2015-11-04,14.77,14.37,14.78,13.56,-,2.86%
2015-11-03,14.36,14.82,14.96,14.33,-,-3.04%
2015-11-02,14.81,14.94,16.14,14.78,-,-0.80%
2015-10-30,14.93,15.09,15.34,14.4,-,-0.99%
2015-10-29,15.08,14.57,15.54,14.41,-,3.50%
2015-10-28,14.57,15.29,15.37,14.41,-,-4.71%
2015-10-27,15.29,15.02,15.53,15.02,-,1.87%
2015-10-26,15.01,14.28,15.38,8.44,-,5.19%
2015-10-23,14.27,14.94,14.94,13.71,-,-4.48%
2015-10-22,14.94,15.99,16.39,14.9,-,-6.57%
2015-10-21,15.99,15.59,16.38,15.16,-,2.57%
2015-10-20,15.59,16.48,16.48,15.53,-,-5.34%
2015-10-19,16.47,15.94,17.15,15.57,-,3.39%
2015-10-16,15.93,16.54,16.54,15.05,-,-3.69%
2015-10-15,16.54,18.22,18.22,16.38,-,-9.22%
2015-10-14,18.22,17.12,18.63,16.62,-,6.49%
2015-10-13,17.11,16.61,18.11,16.25,-,3.07%
2015-10-12,16.6,16.15,17.56,16.15,-,2.79%
2015-10-09,16.15,16.93,17.65,15.39,-,-4.55%
2015-10-08,16.92,19.72,19.72,16.9,-,-14.16%
2015-10-07,19.71,19.4,19.71,18.1,-,1.65%
2015-10-06,19.39,21.81,22.55,19.39,-,-11.06%
2015-10-05,21.8,23.74,23.74,21.61,-,-8.13%
2015-10-02,23.73,24.91,25.68,21.6,-,-4.70%
2015-10-01,24.9,24.14,25.45,10.62,-,3.15%
2015-09-30,24.14,27.13,27.13,23.83,-,-11.02%
2015-09-29,27.13,27.07,29.1,26.25,-,0.22%
2015-09-28,27.07,23.72,27.31,23.72,-,14.17%
2015-09-25,23.71,26.03,26.03,22.46,-,-8.91%
2015-09-24,26.03,24.16,26.82,23.56,-,7.74%
2015-09-23,24.16,25.44,25.57,22.82,-,-4.99%
2015-09-22,25.43,20.49,25.58,19.78,-,24.17%
2015-09-21,20.48,21.35,22.64,20.44,-,-4.03%
2015-09-18,21.34,21.41,23.4,19.65,-,-0.33%
2015-09-17,21.41,20.34,22.38,19.95,-,5.31%
2015-09-16,20.33,23.73,23.73,20.33,-,-14.33%
2015-09-15,23.73,25.48,26.83,22.91,-,-6.87%
2015-09-14,25.48,26.77,27.2,24.91,-,-4.78%
2015-09-11,26.76,27.5,28.71,26.53,-,-2.69%
2015-09-10,27.5,24.62,30.07,24.14,-,11.70%
2015-09-09,24.62,26.51,26.51,16.8,-,-7.13%
2015-09-08,26.51,29.25,29.25,25.81,-,-9.37%
2015-09-07,29.25,30.19,30.64,25.85,-,-3.08%
2015-09-04,30.18,25.08,30.9,25.08,-,20.38%
2015-09-03,25.07,29.96,29.96,24.8,-,-16.32%
2015-09-02,29.96,29.27,30.48,27.84,-,2.39%
2015-09-01,29.26,24.26,30.07,21.93,-,20.61%
2015-08-31,24.26,24.26,24.26,24.26,-,0.04%
2015-08-28,24.25,22.86,25.37,21.77,-,6.13%
2015-08-27,22.85,26.75,26.75,22.55,-,-14.58%
2015-08-26,26.75,24.35,28.95,24.35,-,9.90%
2015-08-25,24.34,31.6,31.6,24.02,-,-22.97%
2015-08-24,31.6,20.55,36.93,20.55,-,53.77%
2015-08-21,20.55,17.17,21.75,15.64,-,19.76%
2015-08-20,17.16,16.71,18.06,16.24,-,2.69%
2015-08-19,16.71,15.2,16.76,15.2,-,10.01%
2015-08-18,15.19,15.26,15.63,14.57,-,-0.46%
2015-08-17,15.26,15.33,16.17,14.9,-,-0.39%
2015-08-14,15.32,17.11,17.11,14.6,-,-10.46%
2015-08-13,17.11,16.04,17.11,12.55,-,6.74%
2015-08-12,16.03,13.78,16.77,13.78,-,16.33%
2015-08-11,13.78,12.58,13.79,12.4,-,9.63%
2015-08-10,12.57,12.26,13.91,12.26,-,2.53%
2015-08-07,12.26,12.2,12.63,11.98,-,0.49%
2015-08-06,12.2,11.36,12.48,10.19,-,7.39%
2015-08-05,11.36,13.17,13.17,11.36,-,-13.74%
2015-08-04,13.17,13.46,14.17,13.13,-,-2.15%
2015-08-03,13.46,13.62,14.3,13.26,-,-1.10%
2015-07-31,13.61,14.43,14.43,13.61,-,-5.68%
2015-07-30,14.43,14.57,14.7,13.57,-,-0.96%
2015-07-29,14.57,15.44,15.44,14.23,-,-5.57%
2015-07-28,15.43,16.74,16.74,15.26,-,-7.83%
2015-07-27,16.74,15.26,17.19,15,-,9.77%
2015-07-24,15.25,13.38,15.29,12.83,-,13.98%
2015-07-23,13.38,13.84,13.9,12.8,-,-3.32%
2015-07-22,13.84,12.11,14.07,12.11,-,14.38%
2015-07-21,12.1,11.48,12.22,10.71,-,5.40%
2015-07-20,11.48,12.17,12.51,11.18,-,-5.59%
2015-07-17,12.16,11.7,12.36,10.8,-,3.93%
2015-07-16,11.7,12.79,12.82,11.34,-,-8.52%
2015-07-15,12.79,12.79,13.89,12.34,-,0.08%
2015-07-14,12.78,14.37,15.03,12.78,-,-11.00%
2015-07-13,14.36,17.57,17.88,14.36,-,-18.22%
2015-07-10,17.56,20.01,20.01,16.46,-,-12.20%
2015-07-09,20,19.67,20.83,19.35,-,1.68%
2015-07-08,19.67,19.19,20.25,17.95,-,2.50%
2015-07-07,19.19,18.33,19.73,16.95,-,4.75%
2015-07-06,18.32,19.24,20.22,17.8,-,-4.78%
2015-07-03,19.24,17.21,20.48,16.93,-,11.80%
2015-07-02,17.21,16.86,17.34,15.97,-,2.08%
2015-07-01,16.86,19.06,19.06,16.46,-,-11.50%
2015-06-30,19.05,17.7,19.34,15.24,-,7.63%
2015-06-29,17.7,15.19,18.41,15.19,-,16.52%
2015-06-26,15.19,14.02,15.96,13.45,-,8.35%
2015-06-25,14.02,13.57,14.24,12.39,-,3.32%
2015-06-24,13.57,13.24,13.67,12.54,-,2.49%
2015-06-23,13.24,12.96,13.3,11.82,-,2.16%
2015-06-22,12.96,15.81,15.81,12.71,-,-18.03%
2015-06-19,15.81,14.89,15.81,14.05,-,6.18%
2015-06-18,14.89,14.6,15.7,14.58,-,1.99%
2015-06-17,14.6,15.45,15.45,14.15,-,-5.50%
2015-06-16,15.45,15.78,16.64,15.26,-,-2.09%
2015-06-15,15.78,14.4,16.07,14.4,-,9.58%
2015-06-12,14.4,13.25,15.76,13.25,-,8.68%
2015-06-11,13.25,14.83,14.87,13.07,-,-10.65%
2015-06-10,14.83,15.52,15.74,14.31,-,-4.45%
2015-06-09,15.52,15.81,16.18,15.14,-,-1.83%
2015-06-08,15.81,15.77,16.38,15.59,-,0.25%
2015-06-05,15.77,14.89,16.12,14.62,-,5.91%
2015-06-04,14.89,14.26,15.9,14.26,-,4.42%
2015-06-03,14.26,15.11,15.33,12.68,-,-5.63%
2015-06-02,15.11,14.74,16.14,14.29,-,2.51%
2015-06-01,14.74,13.81,14.78,13.21,-,6.73%
2015-05-29,13.81,12.23,13.82,11.74,-,12.92%
2015-05-28,12.23,12.54,12.74,11.52,-,-2.47%
2015-05-27,12.54,13.4,13.47,12.39,-,-6.42%
2015-05-26,13.4,10.74,13.67,10.74,-,24.77%
2015-05-25,10.74,10.74,10.74,10.74,-,0.00%
2015-05-22,10.74,10.97,11.05,10.21,-,-2.10%
2015-05-21,10.97,11.42,11.8,10.89,-,-3.94%
2015-05-20,11.42,12.1,12.18,11.39,-,-5.62%
2015-05-19,12.1,13.38,13.38,11.83,-,-9.57%
2015-05-18,13.38,13.41,13.92,13.02,-,-0.22%
2015-05-15,13.41,13.64,14.12,12.61,-,-1.69%
2015-05-14,13.64,14.44,15.08,13.49,-,-5.54%
2015-05-13,14.44,14.37,15.12,13.6,-,0.49%
2015-05-12,14.37,12.01,15.48,11,-,19.65%
2015-05-11,12.01,11.9,14.64,11.8,-,0.92%
2015-05-08,11.9,16.58,17.41,8.3,-,-28.23%
2015-05-07,16.58,16.47,19.03,15.41,-,0.67%
2015-05-06,16.47,17.66,18.14,15.9,-,-6.74%
2015-05-05,17.66,17.67,17.67,15.16,-,-0.06%
2015-05-04,17.67,17.67,17.67,17.67,-,0.00%
2015-04-30,17.67,18.08,19.05,15.56,-,-2.27%
2015-04-29,18.08,17.41,18.44,16.24,-,3.85%
2015-04-28,17.41,15.93,18.09,15.65,-,9.29%
2015-04-27,15.93,16.55,17.39,15.68,-,-3.75%
2015-04-24,16.55,16.2,16.55,15.05,-,2.16%
2015-04-23,16.2,16.41,16.93,15.15,-,-1.28%
2015-04-22,16.41,16.04,17.98,15.33,-,2.31%
2015-04-21,16.04,16.71,16.71,15.55,-,-4.01%
2015-04-20,16.71,17.68,17.68,16.32,-,-5.49%
2015-04-17,17.68,16.33,17.83,15.29,-,8.27%
2015-04-16,16.33,15.77,16.58,14.71,-,3.55%
2015-04-15,15.77,15.97,16.13,15.3,-,-1.25%
2015-04-14,15.97,15.28,16.35,14.96,-,4.52%
2015-04-13,15.28,14.31,15.98,14.31,-,6.78%
2015-04-10,14.31,14.69,15.82,12.47,-,-2.59%
2015-04-09,14.69,15.32,15.64,14.23,-,-4.11%
2015-04-08,15.32,15.57,15.65,14.71,-,-1.61%
2015-04-07,15.57,16.23,16.57,12.9,-,-4.07%
2015-04-02,16.23,16.46,16.59,16.01,-,-1.40%
2015-04-01,16.46,16.33,16.97,15.58,-,0.80%
2015-03-31,16.33,14.6,16.86,14.44,-,11.85%
2015-03-30,14.6,14.94,15.03,14.44,-,-2.28%
2015-03-27,14.94,14.61,15.15,14.08,-,2.26%
2015-03-26,14.61,13.28,15.74,13.28,-,10.02%
2015-03-25,13.28,12.24,13.45,11.78,-,8.50%
2015-03-24,12.24,12.63,12.88,11.82,-,-3.09%
2015-03-23,12.63,12.03,13.47,12.03,-,4.99%
2015-03-20,12.03,11.39,12.43,11.26,-,5.62%
2015-03-19,11.39,12.9,12.93,11.39,-,-11.71%
2015-03-18,12.9,14.22,14.35,12.58,-,-9.28%
2015-03-17,14.22,14.6,15.12,14.01,-,-2.60%
2015-03-16,14.6,14.64,15.28,14.46,-,-0.27%
2015-03-13,14.64,13.98,14.99,13.47,-,4.72%
2015-03-12,13.98,15.26,15.26,13.07,-,-8.39%
2015-03-11,15.26,15.93,15.95,15.11,-,-4.21%
2015-03-10,15.93,12.82,16.23,12.82,-,24.26%
2015-03-09,12.82,11.8,13.56,11.8,-,8.64%
2015-03-06,11.8,11.65,12.01,11.55,-,1.29%
2015-03-05,11.65,12.96,12.96,11.51,-,-10.11%
2015-03-04,12.96,13.21,13.97,12.83,-,-1.89%
2015-03-03,13.21,12.25,13.23,11.73,-,7.84%
2015-03-02,12.25,11.87,12.67,11.82,-,3.20%
2015-02-27,11.87,11.67,12.31,11.35,-,1.71%
2015-02-26,11.67,11.54,11.91,11.07,-,1.13%
2015-02-25,11.54,11.63,12.18,11.38,-,-0.77%
2015-02-24,11.63,12.7,12.7,11.24,-,-8.43%
2015-02-23,12.7,13.57,13.66,11.32,-,-6.41%
2015-02-20,13.57,13.77,14.38,13.15,-,-1.45%
2015-02-19,13.77,14.24,15.13,13.54,-,-3.30%
2015-02-18,14.24,14.43,14.64,13.77,-,-1.32%
2015-02-17,14.43,15.35,16.17,14.13,-,-5.99%
2015-02-16,15.35,14.53,15.69,14.53,-,5.64%
2015-02-13,14.53,15.54,17.54,14.03,-,-6.50%
2015-02-12,15.54,16.41,16.41,14.91,-,-5.30%
2015-02-11,16.41,15.61,17.13,14.98,-,5.12%
2015-02-10,15.61,15.62,16.86,15.01,-,-0.06%
2015-02-09,15.62,15.16,17.85,15.16,-,3.03%
2015-02-06,15.16,14.71,15.25,13.75,-,3.06%
2015-02-05,14.71,15.64,16.52,14.6,-,-5.95%
2015-02-04,15.64,15.81,16.86,15.1,-,-1.08%
2015-02-03,15.81,17.53,17.53,15.38,-,-10.58%
2015-02-02,17.68,16.44,18.07,14.72,-,7.54%
2015-01-30,16.44,15.13,16.72,13.96,-,8.66%
2015-01-29,15.13,14.49,16.17,14.39,-,4.42%
2015-01-28,14.49,14.2,15.14,13.27,-,2.04%
2015-01-27,14.2,13.58,15.11,11.47,-,4.57%
2015-01-26,13.58,14.21,15.31,13.55,-,-4.43%
2015-01-23,14.21,14.45,14.59,13.43,-,-1.66%
2015-01-22,14.45,15.44,15.44,14.09,-,-6.41%
2015-01-21,15.44,17.18,17.18,14.96,-,-10.13%
2015-01-20,17.18,18.91,18.91,16.4,-,-9.15%
2015-01-19,18.91,20.3,20.82,18.67,-,-6.85%
2015-01-16,20.3,20.38,21.72,19.41,-,-0.39%
2015-01-15,20.38,20.68,23.98,18.2,-,-1.45%
2015-01-14,20.68,17.62,23.1,17.62,-,17.37%
2015-01-13,17.62,19.39,20.54,17.62,-,-9.13%
2015-01-12,19.39,18.52,21.64,15.44,-,4.70%
2015-01-09,18.52,17.07,19.42,14.67,-,8.49%
2015-01-08,17.07,20.04,20.04,13.36,-,-14.82%
2015-01-07,20.04,21.35,21.35,16.86,-,-6.14%
2015-01-06,21.35,21.98,23.43,17.61,-,-2.87%
2015-01-05,21.98,18.61,21.98,16.6,-,18.11%
2015-01-02,18.61,17.96,19.91,15.33,-,3.62%
2014-12-31,17.96,17.95,18.42,15.64,-,0.06%
2014-12-30,17.95,17.01,18.99,15.59,-,5.53%
2014-12-29,17.01,16.29,18.51,13.2,-,4.42%
2014-12-24,16.29,17.05,17.05,13.86,-,-4.46%
2014-12-23,17.05,16.31,17.23,14.41,-,4.54%
2014-12-22,16.31,15.8,16.98,13.57,-,3.23%
2014-12-19,15.8,16.07,17.82,13.48,-,-1.68%
2014-12-18,16.07,19.53,19.53,10.56,-,-17.72%
2014-12-17,19.53,18.43,22.07,18.43,-,5.97%
2014-12-16,18.43,24.84,25.96,18.21,-,-25.81%
2014-12-15,24.84,21.32,26.9,20.51,-,16.51%
2014-12-12,21.32,16.21,22,15.71,-,31.52%
2014-12-11,16.21,16.44,19.78,14.58,-,-1.40%
2014-12-10,16.44,15.73,16.46,13.54,-,4.51%
2014-12-09,15.73,11.71,16.21,11.71,-,34.33%
2014-12-08,11.71,10.69,11.72,10.4,-,9.54%
2014-12-05,10.69,12.11,12.11,10.53,-,-11.73%
2014-12-04,12.11,12.32,12.35,11.42,-,-1.70%
2014-12-03,12.32,12.45,12.69,11.57,-,-1.04%
2014-12-02,12.45,13.23,13.23,10.29,-,-5.90%
2014-12-01,13.23,10.9,13.44,10.9,-,21.38%
2014-11-28,10.9,11.67,12.55,10.74,-,-6.60%
2014-11-27,11.67,11.6,11.69,10.6,-,0.60%
2014-11-26,11.6,11.1,12.01,10.11,-,4.50%
2014-11-25,11.1,11.8,12.2,10.5,-,-5.93%
2014-11-24,11.8,11.62,12.46,11.06,-,1.55%
2014-11-21,11.62,12.28,12.28,10.52,-,-5.37%
2014-11-20,12.28,12.71,13.39,11.29,-,-3.38%
2014-11-19,12.71,12.02,13.07,11.96,-,5.74%
2014-11-18,12.02,11.89,12.45,11.1,-,1.09%
2014-11-17,11.89,11.4,14.09,9.3,-,4.30%
2014-11-14,11.4,11.67,12.71,10.97,-,-2.31%
2014-11-13,11.67,12.31,12.51,10.58,-,-5.20%
2014-11-12,12.31,11.81,12.83,9.69,-,4.23%
2014-11-11,11.81,12.27,12.3,11.44,-,-3.75%
2014-11-10,12.27,12.56,12.87,11.87,-,-2.31%
2014-11-07,12.56,12.88,13.23,10.3,-,-2.48%
2014-11-06,12.88,14.38,14.56,12.57,-,-10.43%
2014-11-05,14.38,15.61,15.61,14.11,-,-7.88%
2014-11-04,15.61,14.61,15.68,14.07,-,6.84%
2014-11-03,14.61,14.16,14.72,14.03,-,3.18%
2014-10-31,14.16,14.89,14.89,12.94,-,-4.90%
2014-10-30,14.89,14.49,16.24,13.18,-,2.76%
2014-10-29,14.49,15.16,15.16,13.77,-,-4.42%
2014-10-28,15.16,17.11,17.11,15.13,-,-11.40%
2014-10-27,17.11,15.74,17.55,14.02,-,8.70%
2014-10-24,15.74,15.39,17.29,15.33,-,2.27%
2014-10-23,15.39,15.5,17.42,13.57,-,-0.71%
2014-10-22,15.5,16.54,16.8,15.49,-,-6.29%
2014-10-21,16.54,19.72,20.58,16.45,-,-16.13%
2014-10-20,19.72,19.56,21.07,17.92,-,0.82%
2014-10-17,19.56,25.51,25.51,19.07,-,-23.32%
2014-10-16,25.51,23.83,34.13,20.98,-,7.05%
2014-10-15,23.83,17.99,25.87,17.99,-,32.46%
2014-10-14,17.99,18.43,26.36,17.95,-,-2.39%
2014-10-13,18.43,19.26,20.72,18.07,-,-4.31%
2014-10-10,19.26,15.66,19.66,15.66,-,22.99%
2014-10-09,15.66,15.74,17.44,13.66,-,-0.51%
2014-10-08,15.74,15.88,16.59,15.73,-,-0.88%
2014-10-07,15.88,14.83,16.65,14.78,-,7.08%
2014-10-06,14.83,15.82,15.97,14.27,-,-6.26%
2014-10-03,15.82,17.17,17.17,14.39,-,-7.86%
2014-10-02,17.17,15.34,17.18,15.02,-,11.93%
2014-10-01,15.34,13.87,15.81,11.59,-,10.60%
2014-09-30,13.87,14.26,14.43,11.46,-,-2.73%
2014-09-29,14.26,14.01,15.2,12.37,-,1.78%
2014-09-26,14.01,13.93,14.33,11.57,-,0.57%
2014-09-25,13.93,13.02,14.22,10.22,-,6.99%
2014-09-24,13.02,13.67,14.17,12.91,-,-4.75%
2014-09-23,13.67,11.63,14.03,11.56,-,17.54%
2014-09-22,11.63,10.35,11.69,10.35,-,12.37%
2014-09-19,10.35,14.91,19.44,10.04,-,-30.58%
2014-09-18,14.91,14.82,15.47,14.13,-,0.61%
2014-09-17,14.82,14.88,15.37,13.79,-,-0.40%
2014-09-16,14.88,15.35,16.85,14.88,-,-3.06%
2014-09-15,15.35,15.3,15.77,14.61,-,0.33%
2014-09-12,15.3,15.45,15.45,13.91,-,-0.97%
2014-09-11,15.45,15.58,16.43,14.17,-,-0.83%
2014-09-10,15.58,15.77,16.43,15.42,-,-1.20%
2014-09-09,15.77,15.81,16.52,15.15,-,-0.25%
2014-09-08,15.81,13,18.66,13,-,21.62%
2014-09-05,13,12.41,14.18,12.13,-,4.75%
2014-09-04,12.41,11.64,12.44,10.85,-,6.62%
2014-09-03,11.64,12.33,12.33,10.96,-,-5.60%
2014-09-02,12.33,11.5,12.37,10.78,-,7.22%
2014-09-01,11.5,11.3,36.32,11.26,-,1.77%
2014-08-29,11.3,11.32,12.13,10.56,-,-0.18%
2014-08-28,11.32,10.14,11.44,9.42,-,11.64%
2014-08-27,10.14,10.32,10.94,10.09,-,-1.74%
2014-08-26,10.32,10.49,11.08,10.1,-,-1.62%
2014-08-25,10.49,10.49,10.49,10.49,-,0.00%
2014-08-22,10.49,10.49,11.58,8.62,-,0.00%
2014-08-21,10.49,11.17,11.17,8.94,-,-6.09%
2014-08-20,11.17,10.52,11.68,8.81,-,6.18%
2014-08-19,10.52,11.21,11.21,10.15,-,-6.16%
2014-08-18,11.21,13.84,13.84,11.04,-,-19.00%
2014-08-15,13.84,11.88,13.84,10.35,-,16.50%
2014-08-14,11.88,12.39,13.14,11.43,-,-4.12%
2014-08-13,12.39,14.01,14.01,12.26,-,-11.56%
2014-08-12,14.01,13.87,14.44,13.49,-,1.01%
2014-08-11,13.87,15.52,15.55,13.54,-,-10.63%
2014-08-08,15.52,14.89,17.36,14.79,-,4.23%
2014-08-07,14.89,14.44,15.57,13.36,-,3.12%
2014-08-06,14.44,13.88,15.45,11.77,-,4.03%
2014-08-05,13.88,14.48,14.48,11.02,-,-4.14%
2014-08-04,14.48,15.08,15.15,13.97,-,-3.98%
2014-08-01,15.08,13.87,16.01,13.29,-,8.72%
2014-07-31,13.87,12.56,14.21,11.9,-,10.43%
2014-07-30,12.56,11.71,12.96,11.46,-,7.26%
2014-07-29,11.71,11.84,11.84,9.89,-,-1.10%
2014-07-28,11.84,11.58,12.47,11.55,-,2.25%
2014-07-25,11.58,11.28,11.66,10.51,-,2.66%
2014-07-24,11.28,11.28,11.28,11.28,-,0.00%
2014-07-23,11.28,11.39,11.62,9.51,-,-0.97%
2014-07-22,11.39,12.7,12.7,11.1,-,-10.31%
2014-07-21,12.7,12.2,13.12,12.19,-,4.10%
2014-07-18,12.2,12.46,13.71,12.01,-,-2.09%
2014-07-17,12.46,11.19,12.65,10.96,-,11.35%
2014-07-16,11.19,12.15,12.15,10.86,-,-7.90%
2014-07-15,12.15,11.06,12.3,10.86,-,9.86%
2014-07-14,11.06,12.08,12.08,10.92,-,-8.44%
2014-07-11,12.08,12.74,13.05,11.69,-,-5.18%
2014-07-10,12.74,11.94,13.96,11.22,-,6.70%
2014-07-09,11.94,12.49,13.18,11.91,-,-4.40%
2014-07-08,12.49,10.91,12.49,10.31,-,14.48%
2014-07-07,10.91,9.91,11.52,7.93,-,10.09%
2014-07-04,9.91,9.67,9.91,9.28,-,2.48%
2014-07-03,9.67,10.45,10.57,9.06,-,-7.46%
2014-07-02,10.45,10.3,10.81,10.04,-,1.46%
2014-07-01,10.3,11.27,11.35,10.29,-,-8.61%
2014-06-30,11.27,11.42,12.08,11.26,-,-1.31%
2014-06-27,11.42,11.68,11.8,11.02,-,-2.23%
2014-06-26,11.68,11.93,12.46,11.49,-,-2.10%
2014-06-25,11.93,10.98,12.49,10.98,-,8.65%
2014-06-24,10.98,11.05,11.46,10.67,-,-0.63%
2014-06-23,11.05,10,11.62,10,-,10.50%
2014-06-20,10,11.42,11.42,9.88,-,-12.43%
2014-06-19,11.42,12.61,12.61,10.78,-,-9.44%
2014-06-18,12.61,12.48,12.69,11.56,-,1.04%
2014-06-17,12.48,13.17,13.17,11.19,-,-5.24%
2014-06-16,13.17,12.41,13.36,12.3,-,6.12%
2014-06-13,12.41,10.4,13.36,10.07,-,19.33%
2014-06-12,10.4,10.91,10.91,9.64,-,-4.67%
2014-06-11,10.91,10.46,11.24,9.95,-,4.30%
2014-06-10,10.46,10.69,11.12,10.2,-,-2.15%
2014-06-09,10.69,10.89,11,10.34,-,-1.84%
2014-06-06,10.89,11.17,11.31,10.58,-,-2.51%
2014-06-05,11.17,12.39,12.47,8.65,-,-9.85%
2014-06-04,12.39,12.26,12.91,11.86,-,1.06%
2014-06-03,12.26,11.49,12.37,9,-,6.70%
2014-06-02,11.49,11.42,11.99,10.95,-,0.61%
2014-05-30,11.42,10.94,11.45,10.69,-,4.39%
2014-05-29,10.94,11.46,11.46,9.72,-,-4.54%
2014-05-28,11.46,11.51,11.59,11.01,-,-0.43%
2014-05-27,11.51,11.04,11.51,10.54,-,4.26%
2014-05-26,11.04,11.04,11.04,11.04,-,0.00%
2014-05-23,11.04,11.25,11.83,10.9,-,-1.87%
2014-05-22,11.25,11.11,11.47,8.59,-,1.26%
2014-05-21,11.11,12.45,12.83,10.96,-,-10.76%
2014-05-20,12.45,12.38,13.19,12.13,-,-1.19%
2014-05-19,12.6,11.82,13.1,11.82,-,6.60%
2014-05-16,11.82,12.21,12.33,9.41,-,-3.19%
2014-05-15,12.21,10.7,12.88,10.41,-,14.11%
2014-05-14,10.7,10.54,10.93,10.51,-,1.52%
2014-05-13,10.54,10.54,10.54,10.54,-,0.00%
2014-05-12,10.54,10.54,10.54,10.54,-,0.00%
2014-05-09,10.54,11.01,11.7,10.52,-,-4.27%
2014-05-08,11.01,12.34,12.34,8.64,-,-10.78%
2014-05-07,12.34,12.13,12.77,12.13,-,1.73%
2014-05-06,12.13,11.83,12.49,10.66,-,2.54%
2014-05-05,11.83,11.83,11.83,11.83,-,0.00%
2014-05-02,11.83,11.36,11.88,11.22,-,-0.17%
2014-04-30,11.85,12.06,12.95,11.79,-,-1.74%
2014-04-29,12.06,12.74,13.21,11.97,-,-5.34%
2014-04-28,12.74,13.05,13.14,12.49,-,-2.38%
2014-04-25,13.05,12.5,13.57,12.32,-,4.40%
2014-04-24,12.5,12.77,13.54,10.11,-,-2.11%
2014-04-23,12.77,12.54,12.89,12.04,-,1.83%
2014-04-22,12.54,13.75,13.75,10.49,-,-2.18%
2014-04-17,12.82,13.02,13.19,12.19,-,-1.54%
2014-04-16,13.02,14.37,14.37,12.96,-,-9.39%
2014-04-15,14.37,13.41,14.4,12.91,-,7.16%
2014-04-14,13.41,13.11,14.76,13.11,-,2.29%
2014-04-11,13.11,11.84,13.49,11.84,-,10.73%
2014-04-10,11.84,11.86,12.26,11.27,-,-0.17%
2014-04-09,11.86,12.85,12.85,11.51,-,-7.70%
2014-04-08,12.85,12.76,13.64,10.62,-,0.71%
2014-04-07,12.76,11.68,12.81,11.68,-,9.25%
2014-04-04,11.68,12.06,12.06,11.39,-,-3.15%
2014-04-03,12.06,12.51,12.67,11.41,-,-3.60%
2014-04-02,12.51,12.81,12.84,12.32,-,-2.34%
2014-04-01,12.81,13.04,13.04,12.44,-,-1.76%
2014-03-31,13.04,12.36,13.19,12.14,-,5.50%
2014-03-28,12.36,13.04,13.04,11.99,-,-5.21%
2014-03-27,13.04,13.1,13.45,13.01,-,-0.46%
2014-03-26,13.1,12.89,13.13,12.41,-,1.63%
2014-03-25,12.89,13.74,13.74,12.6,-,-6.19%
2014-03-24,13.74,12.59,13.94,12.59,-,9.13%
2014-03-21,12.59,13.55,14.41,11.38,-,-7.08%
2014-03-20,13.55,14.1,15.13,13.55,-,-3.90%
2014-03-19,14.1,14.17,14.54,13.76,-,-0.49%
2014-03-18,14.17,15.1,15.44,13.47,-,-6.16%
2014-03-17,15.1,16.9,16.9,14.96,-,-10.65%
2014-03-14,16.9,15.99,17.49,15.65,-,5.69%
2014-03-13,15.99,15.06,16.13,14.61,-,6.18%
2014-03-12,15.06,14.63,16.1,12.6,-,2.94%
2014-03-11,14.63,15.16,15.16,14.21,-,-3.50%
2014-03-10,15.16,14.81,15.59,14.43,-,2.36%
2014-03-07,14.81,13.8,15.3,13.44,-,7.32%
2014-03-06,13.8,14.6,14.6,10.93,-,-5.48%
2014-03-05,14.6,16.77,16.77,14.28,-,-12.94%
2014-03-04,16.77,16.77,16.77,16.77,-,0.00%
2014-03-03,16.77,13.07,17.14,13.07,-,28.31%
2014-02-28,13.07,13.3,13.79,12.83,-,-1.73%
2014-02-27,13.3,13.59,15.05,12.88,-,-2.13%
2014-02-26,13.59,13.82,14.18,13.43,-,-1.66%
2014-02-25,13.82,13.87,14.62,13.69,-,-0.36%
2014-02-24,13.87,15.86,15.9,13.79,-,-12.55%
2014-02-21,15.86,15.51,16.23,14.18,-,2.26%
2014-02-20,15.51,15.39,16.22,13.99,-,0.78%
2014-02-19,15.39,15.1,15.93,14.9,-,1.92%
2014-02-18,15.1,14.77,15.45,14.77,-,2.23%
2014-02-17,14.77,14.3,15.13,14.2,-,3.29%
2014-02-14,14.3,15.02,15.15,12.93,-,-4.79%
2014-02-13,15.02,15.18,16.36,14.96,-,-1.05%
2014-02-12,15.18,15.11,15.34,13.48,-,0.46%
2014-02-11,15.11,16.02,16.02,15.02,-,-5.68%
2014-02-10,16.02,16.24,16.83,16.01,-,-1.35%
2014-02-07,16.24,16.81,17.95,16.04,-,-3.39%
2014-02-06,16.81,18.55,18.55,16.67,-,-9.38%
2014-02-05,18.55,18.64,19.12,17.95,-,-0.48%
2014-02-04,18.64,19.68,20.27,16.6,-,-5.28%
2014-02-03,19.68,18.23,19.78,15.4,-,7.95%
2014-01-31,18.23,16.32,20.64,16.32,-,11.70%
2014-01-30,16.32,17.43,18.79,16.31,-,-6.37%
2014-01-29,17.43,16.11,19.67,14.78,-,8.19%
2014-01-28,16.11,16.95,16.95,15.88,-,-4.96%
2014-01-27,16.95,16.04,17.66,16.04,-,5.67%
2014-01-24,16.04,12.85,16.04,12.77,-,24.82%
2014-01-23,12.85,12.26,13.38,10.85,-,4.81%
2014-01-22,12.26,12.04,12.46,11.9,-,1.83%
2014-01-21,12.04,11.59,12.11,10.56,-,3.88%
2014-01-20,11.59,11.67,12.28,11.42,-,-0.69%
2014-01-17,11.67,11.79,11.81,10.94,-,-1.02%
2014-01-16,11.79,12.23,12.29,11.6,-,-3.60%
2014-01-15,12.23,11.9,12.29,11.65,-,2.77%
2014-01-14,11.9,11.73,12.86,11.7,-,1.45%
2014-01-13,11.73,10.81,11.97,10.81,-,8.51%
2014-01-10,10.81,11.09,13.37,9.98,-,-2.52%
2014-01-09,11.09,12.72,12.72,10.42,-,-12.81%
2014-01-08,12.72,12.77,13.12,10.52,-,-0.39%
2014-01-07,12.77,13.29,13.35,10.24,-,-3.91%
2014-01-06,13.29,13.21,13.59,10.65,-,0.61%
2014-01-03,13.21,13.46,13.46,10.74,-,-1.86%
2014-01-02,13.46,12.49,13.49,10.19,-,9.79%
2013-12-31,12.26,12.65,12.79,10.2,-,-3.08%
2013-12-30,12.65,11.69,12.98,11.26,-,8.21%
2013-12-27,11.69,12.12,12.12,10.98,-,-0.09%
2013-12-24,11.7,11.84,11.84,10.69,-,-1.18%
2013-12-23,11.84,12.84,12.84,9.36,-,-7.79%
2013-12-20,12.84,11.18,12.84,9.6,-,14.85%
2013-12-19,11.18,13.55,13.55,9.71,-,-17.49%
2013-12-18,13.55,13.95,13.95,12.66,-,-2.87%
2013-12-17,13.95,13.42,14.36,13.42,-,3.95%
2013-12-16,13.42,13.33,14.02,12.91,-,0.68%
2013-12-13,13.33,13.23,13.42,12.39,-,0.76%
2013-12-12,13.23,12.44,13.24,12.02,-,6.35%
2013-12-11,12.44,12.37,12.72,12.05,-,0.57%
2013-12-10,12.37,12.34,12.81,11.25,-,0.24%
2013-12-09,12.34,12.78,12.97,12.32,-,-3.44%
2013-12-06,12.78,13.53,14.39,11.78,-,-5.54%
2013-12-05,13.53,13.27,13.58,12.08,-,1.96%
2013-12-04,13.27,13.24,13.93,11.59,-,0.23%
2013-12-03,13.24,12.39,13.29,11.33,-,6.86%
2013-12-02,12.39,11.95,12.73,11.18,-,3.68%
2013-11-29,11.95,11.61,11.95,10.42,-,2.93%
2013-11-28,11.61,11.6,11.71,10.63,-,0.09%
2013-11-27,11.6,11.58,11.63,10.43,-,0.17%
2013-11-26,11.58,11.33,11.74,10.12,-,2.21%
2013-11-25,11.33,11.43,11.6,10.12,-,-0.87%
2013-11-22,11.43,11.74,11.82,10.65,-,-2.64%
2013-11-21,11.74,12.03,12.36,10.96,-,-2.41%
2013-11-20,12.03,12.32,12.48,11.13,-,-2.35%
2013-11-19,12.32,12.3,12.71,10.94,-,0.16%
2013-11-18,12.3,12.01,12.69,10.82,-,2.41%
2013-11-15,12.01,12.06,12.08,10.18,-,-0.41%
2013-11-14,12.06,13.15,15.27,10.84,-,-8.29%
2013-11-13,13.15,12.94,13.94,10.46,-,1.62%
2013-11-12,12.94,12.87,13.43,12.69,-,0.54%
2013-11-11,12.87,13.35,13.53,10.46,-,-3.60%
2013-11-08,13.35,12.89,14.08,9.52,-,3.57%
2013-11-07,12.89,13.24,13.89,5.46,-,-2.64%
2013-11-06,13.24,13.38,13.47,10.59,-,-1.05%
2013-11-05,13.38,12.96,13.78,12.8,-,3.24%
2013-11-04,12.96,12.79,13.06,10.76,-,1.33%
2013-11-01,12.79,12.81,13.13,10.81,-,-0.16%
2013-10-31,12.81,13.06,13.13,10.77,-,-1.91%
2013-10-30,13.06,12.35,13.5,10.24,-,5.75%
2013-10-29,12.35,12.81,12.82,10.49,-,-3.59%
2013-10-28,12.81,12.31,13.24,10.43,-,4.06%
2013-10-25,12.31,12.28,12.52,10.35,-,0.24%
2013-10-24,12.28,12.63,12.63,10.15,-,-2.77%
2013-10-23,12.63,11.92,12.96,10.44,-,5.96%
2013-10-22,11.92,11.93,12.27,10.48,-,-0.08%
2013-10-21,11.93,11.91,12.82,10.94,-,0.17%
2013-10-18,11.91,13.06,13.06,11.89,-,-8.81%
2013-10-17,13.06,14.73,14.73,13.01,-,-11.34%
2013-10-16,14.73,14.5,15.59,11.87,-,1.59%
2013-10-15,14.5,15.65,15.65,11.87,-,-7.35%
2013-10-14,15.65,14.38,15.93,14.38,-,8.83%
2013-10-11,14.38,15.75,15.75,12.92,-,-8.70%
2013-10-10,15.75,18.03,18.03,15.6,-,-12.65%
2013-10-09,18.03,16.74,18.18,16.73,-,7.71%
2013-10-08,16.74,15.5,16.78,15.5,-,8.00%
2013-10-07,15.5,14.66,16.38,12.54,-,5.73%
2013-10-04,14.66,14.98,16.32,14.39,-,-2.14%
2013-10-03,14.98,14.79,15.81,14.12,-,1.28%
2013-10-02,14.79,14.38,15.39,12.57,-,2.85%
2013-10-01,14.38,15.36,16.01,14.23,-,-6.38%
2013-09-30,15.36,13.57,15.39,13.58,-,13.19%
2013-09-27,13.57,12.56,13.71,12.31,-,8.04%
2013-09-26,12.56,12.51,12.7,12.11,-,0.40%
2013-09-25,12.51,12.31,12.91,10.8,-,1.62%
2013-09-24,12.31,12.34,12.64,12.13,-,-0.24%
2013-09-23,12.34,12.13,12.82,12.13,-,1.73%
2013-09-20,12.13,12.7,12.83,11.91,-,-4.49%
2013-09-19,12.7,14.05,14.05,12.33,-,-9.61%
2013-09-18,14.05,13.74,14.73,11.98,-,2.26%
2013-09-17,13.74,13.84,14.23,13.41,-,-0.72%
2013-09-16,13.84,13.68,14.59,13.48,-,1.17%
2013-09-13,13.68,13.98,17.59,13.68,-,-2.15%
2013-09-12,13.98,14.58,15.03,13.44,-,-4.12%
2013-09-11,14.58,14.9,15.05,14.42,-,-2.15%
2013-09-10,14.9,16.3,16.3,14.22,-,-8.59%
2013-09-09,16.3,16.05,16.84,15.68,-,1.56%
2013-09-06,16.05,17.29,17.32,15.36,-,-7.17%
2013-09-05,17.29,17.39,18.59,15.34,-,-0.58%
2013-09-04,17.39,18.01,18.67,14.57,-,-3.44%
2013-09-03,18.01,16.68,18.03,14.54,-,7.97%
2013-09-02,16.68,18.02,18.73,15.36,-,-7.38%
2013-08-30,18.01,16.64,18.11,14.17,-,8.23%
2013-08-29,16.64,17.19,17.19,16.12,-,-3.14%
2013-08-28,17.18,17.24,18.09,16.77,-,-0.35%
2013-08-27,17.24,14.9,17.43,14.9,-,15.70%
2013-08-26,14.9,14.9,14.9,14.9,-,0.00%
2013-08-23,14.9,15.79,15.79,14.05,-,-5.64%
2013-08-22,15.79,16.82,16.85,15.07,-,-6.12%
2013-08-21,16.82,15.46,16.85,15.46,-,8.80%
2013-08-20,15.46,15.09,17.13,15.09,-,2.45%
2013-08-19,15.09,13.96,15.25,13.96,-,8.09%
2013-08-16,13.96,14.26,14.69,12.57,-,-2.10%
2013-08-15,14.26,12.84,14.85,12.57,-,11.06%
2013-08-14,12.84,12.98,14.6,12.37,-,-1.08%
2013-08-13,12.98,12.84,13.06,12.57,-,1.09%
2013-08-12,12.84,12.49,13.25,12.49,-,2.80%
2013-08-09,12.49,14.5,14.9,11.57,-,-13.86%
2013-08-08,14.5,14.5,14.5,14.5,-,0.00%
2013-08-07,14.5,15.18,15.59,14.05,-,-4.48%
2013-08-06,15.18,14.67,15.58,12.9,-,3.48%
2013-08-05,14.67,14.81,15.24,14.66,-,-0.95%
2013-08-02,14.81,15.62,15.62,14.66,-,-5.19%
2013-08-01,15.62,16.59,16.59,14.4,-,-5.85%
2013-07-31,16.59,15.93,16.74,14.8,-,4.14%
2013-07-30,15.93,15.66,16.01,14.56,-,1.72%
2013-07-29,15.66,15.41,15.95,14.51,-,1.62%
2013-07-26,15.41,15.66,15.66,14.97,-,-1.60%
2013-07-25,15.66,15.38,16.15,15.26,-,1.82%
2013-07-24,15.38,14.89,15.84,14.61,-,3.29%
2013-07-23,14.89,14.52,15.05,13.82,-,2.55%
2013-07-22,14.52,14.86,15.45,14.48,-,-2.29%
2013-07-19,14.86,15.76,16.05,14.77,-,-5.71%
2013-07-18,15.76,16.58,16.66,15.45,-,-4.95%
2013-07-17,16.58,16.23,17.23,15.68,-,2.16%
2013-07-16,16.23,16.02,16.37,13.06,-,1.31%
2013-07-15,16.02,15.85,16.71,15.85,-,1.07%
2013-07-12,15.85,16.41,16.44,15.42,-,-3.41%
2013-07-11,16.41,17.48,17.48,15.7,-,-6.12%
2013-07-10,17.48,18.45,18.57,17.08,-,-5.26%
2013-07-09,18.45,18.61,18.66,17.73,-,-0.86%
2013-07-08,18.61,19.41,19.54,18.26,-,-4.12%
2013-07-05,19.41,18.68,20.17,17.99,-,3.91%
2013-07-04,18.68,18.74,18.99,16.59,-,-0.32%
2013-07-03,18.74,17.79,19.73,17.79,-,5.34%
2013-07-02,17.79,18.35,18.52,17.03,-,-3.05%
2013-07-01,18.35,18.3,20.28,17.58,-,0.27%
2013-06-28,18.3,17.69,18.79,17.23,-,3.45%
2013-06-27,17.69,18.79,18.79,14.37,-,-5.85%
2013-06-26,18.79,20.49,20.49,18.66,-,-8.30%
2013-06-25,20.49,22.34,22.34,19.57,-,-8.28%
2013-06-24,22.34,20.89,22.99,20.62,-,6.94%
2013-06-21,20.89,20.17,21.57,19.17,-,3.57%
2013-06-20,20.17,17.19,20.57,17.19,-,17.40%
2013-06-19,17.18,17.31,17.95,16.94,-,-0.75%
2013-06-18,17.31,17.54,17.95,14.57,-,-1.31%
2013-06-17,17.54,17.62,17.9,16.97,-,-0.45%
2013-06-14,17.62,18.31,18.31,15.65,-,-3.77%
2013-06-13,18.31,18.39,20.17,17.94,-,-0.44%
2013-06-12,18.39,17.48,18.52,16.12,-,5.21%
2013-06-11,17.48,16.42,18.28,15.05,-,6.46%
2013-06-10,16.42,17.08,17.77,15.57,-,-3.86%
2013-06-07,17.08,19.04,19.28,13.83,-,-10.29%
2013-06-06,19.04,18.93,19.07,15.54,-,0.58%
2013-06-05,18.93,16.83,18.93,14.85,-,12.48%
2013-06-04,16.83,17.09,17.09,15.99,-,-1.52%
2013-06-03,17.09,15.86,17.7,15.79,-,7.82%
2013-05-31,15.85,15.06,15.95,14.28,-,5.25%
2013-05-30,15.06,15.99,16.06,15.02,-,-5.82%
2013-05-29,15.99,13.71,15.99,13.28,-,16.63%
2013-05-28,13.71,14.36,14.36,13.3,-,-4.53%
2013-05-27,14.36,14.36,14.36,14.36,-,0.00%
2013-05-24,14.36,15.16,15.16,12.69,-,-5.28%
2013-05-23,15.16,12.08,16.31,12.08,-,25.50%
2013-05-22,12.08,12.14,12.69,11.82,-,-0.49%
2013-05-21,12.14,12.44,12.94,12.09,-,-2.41%
2013-05-20,12.44,11.63,12.73,11.63,-,6.96%
2013-05-17,11.63,12.17,15.17,10.87,-,-4.44%
2013-05-16,12.17,12.09,12.6,7.84,-,0.66%
2013-05-15,12.09,12.08,13.21,11.61,-,0.08%
2013-05-14,12.08,12.1,12.24,11.07,-,-0.17%
2013-05-13,12.1,11.38,13.84,11.27,-,6.33%
2013-05-10,11.38,10.5,12.17,10.37,-,8.38%
2013-05-09,10.5,11.32,15.97,10.11,-,-7.24%
2013-05-08,11.32,11.49,11.49,10.58,-,-1.48%
2013-05-07,11.49,11.39,11.63,11.14,-,0.88%
2013-05-06,11.39,11.39,11.39,11.39,-,0.00%
2013-05-03,11.39,12.23,12.36,11.1,-,-6.87%
2013-05-02,12.23,13.1,13.3,11.44,-,-6.64%
2013-04-30,13.1,12.83,13.16,12.52,-,2.10%
2013-04-29,12.83,13.04,13.24,11.99,-,-1.61%
2013-04-26,13.04,13.06,13.55,12.62,-,-0.15%
2013-04-25,13.06,12.62,13.28,11.88,-,3.49%
2013-04-24,12.62,12.91,13.09,12.47,-,-2.25%
2013-04-23,12.91,13.9,13.9,11.87,-,-7.12%
2013-04-22,13.9,13.51,14.09,12.11,-,2.89%
2013-04-19,13.51,15.34,15.34,13.27,-,-11.93%
2013-04-18,15.34,16.04,16.25,14.77,-,-4.36%
2013-04-17,16.04,14.42,16.48,13.9,-,11.23%
2013-04-16,14.42,13.57,15,12.97,-,6.26%
2013-04-15,13.57,12.99,14.32,12.99,-,4.46%
2013-04-12,12.99,12.47,13.2,11.73,-,4.17%
2013-04-11,12.47,12.95,12.97,12.26,-,-3.71%
2013-04-10,12.95,14.02,14.02,12.6,-,-7.63%
2013-04-09,14.02,14.52,14.52,13.11,-,-3.44%
2013-04-08,14.52,15.31,15.86,14.41,-,-5.16%
2013-04-05,15.31,13.73,16.17,11.68,-,11.51%
2013-04-04,13.73,12.78,13.81,12.44,-,7.43%
2013-04-03,12.78,11.79,12.82,11.79,-,8.40%
2013-04-02,11.79,12.33,13.46,11.79,-,-4.38%
2013-03-28,12.33,12.76,13.1,10.12,-,-3.37%
2013-03-27,12.76,12.83,13.76,12.17,-,-0.55%
2013-03-26,12.83,13.31,13.38,12.36,-,-3.61%
2013-03-25,13.31,13.78,14.7,11.85,-,-3.41%
2013-03-22,13.78,13.28,14.01,13.19,-,3.77%
2013-03-21,13.28,13.1,13.97,12.3,-,1.37%
2013-03-20,13.1,14.21,14.21,12.73,-,-7.81%
2013-03-19,14.21,13.38,14.71,13.31,-,6.20%
2013-03-18,13.38,11.98,14.93,11.98,-,11.69%
2013-03-15,11.98,12.16,13.83,11.32,-,-1.48%
2013-03-14,12.16,12.55,12.55,11.13,-,-3.11%
2013-03-13,12.55,12.7,13.37,12.4,-,-1.18%
2013-03-12,12.7,13.24,13.37,11.84,-,-4.01%
2013-03-11,13.23,12.1,13.61,10.77,-,9.34%
2013-03-08,12.1,11.94,12.1,10.48,-,1.34%
2013-03-07,11.94,13.2,14.03,11.77,-,-9.55%
2013-03-06,13.2,13.18,13.2,12.34,-,0.15%
2013-03-05,13.18,14.21,14.21,10.95,-,-7.25%
2013-03-04,14.21,13.73,14.8,12.29,-,3.50%
2013-03-01,13.73,13.83,15.1,13.61,-,-0.72%
2013-02-28,13.83,13.81,14.02,12.95,-,0.14%
2013-02-27,13.81,16.46,16.46,12.86,-,-16.10%
2013-02-26,16.46,14.43,17.03,14.43,-,14.07%
2013-02-25,14.43,15.55,15.57,13.98,-,-7.20%
2013-02-22,15.55,15.23,15.62,13.84,-,2.10%
2013-02-21,15.23,13.42,15.23,12.95,-,13.49%
2013-02-20,13.42,12.6,13.47,12.36,-,6.51%
2013-02-19,12.6,12.86,12.9,12.45,-,-2.02%
2013-02-18,12.86,13.01,13.35,12.63,-,-1.15%
2013-02-15,13.01,13.26,13.31,11.18,-,-1.89%
2013-02-14,13.26,13.08,13.83,12.75,-,1.38%
2013-02-13,13.08,12.44,14.26,11.54,-,5.14%
2013-02-12,12.44,13.19,13.46,12.41,-,-5.69%
2013-02-11,13.19,13.58,14.36,13.01,-,-2.87%
2013-02-08,13.58,15,15,13.24,-,-9.41%
2013-02-07,14.99,14.33,15.73,13.86,-,4.61%
2013-02-06,14.33,14.7,15.25,13.6,-,-2.52%
2013-02-05,14.7,15,15,13.79,-,-2.00%
2013-02-04,15,12.04,15.62,12.04,-,24.58%
2013-02-01,12.04,13.32,13.32,11.82,-,-9.61%
2013-01-31,13.32,12.93,14.04,12.33,-,3.02%
2013-01-30,12.93,11.66,13.02,11.58,-,10.89%
2013-01-29,11.66,12.3,12.4,11.52,-,-5.20%
2013-01-28,12.3,11.19,12.36,11.19,-,9.92%
2013-01-25,11.19,11.03,11.22,10.71,-,1.45%
2013-01-24,11.03,11.59,11.7,9.59,-,-4.83%
2013-01-23,11.59,12.15,12.15,11.43,-,-4.61%
2013-01-22,12.15,11.47,12.41,11.29,-,5.93%
2013-01-21,11.47,11.44,11.61,11.22,-,0.26%
2013-01-18,11.44,11.33,11.88,10.83,-,0.97%
2013-01-17,11.33,10.87,11.66,10.32,-,4.23%
2013-01-16,10.87,11.07,14.34,10.85,-,-1.81%
2013-01-15,11.07,11.07,11.69,10.52,-,0.00%
2013-01-14,11.07,11.2,12.12,8.62,-,-1.16%
2013-01-11,11.2,11.87,13.49,6.16,-,-5.64%
2013-01-10,11.87,13.06,13.06,11.7,-,-9.11%
2013-01-09,13.06,13.87,13.87,11.2,-,-5.84%
2013-01-08,13.87,13.64,14.17,11,-,1.69%
2013-01-07,13.64,13.13,13.97,12.65,-,3.88%
2013-01-04,13.13,14.38,16.63,12.94,-,-8.69%
2013-01-03,14.38,14.51,15.29,13.74,-,-0.90%
2013-01-02,14.51,18.05,18.05,13.2,-,-19.61%
2012-12-31,18.05,16.48,18.05,16.48,-,9.53%
2012-12-28,16.48,15.79,17.02,14.8,-,4.37%
2012-12-27,15.79,15.79,15.79,15.79,-,3.54%
2012-12-24,15.25,15.25,15.25,15.25,-,0.00%
2012-12-21,15.25,13.93,21.56,13.93,-,9.48%
2012-12-20,13.93,13.07,14.07,12.92,-,6.58%
2012-12-19,13.07,13.17,13.75,12.49,-,-0.76%
2012-12-18,13.17,13.33,14.43,10.67,-,-1.20%
2012-12-17,13.33,12.14,14.4,12.14,-,9.80%
2012-12-14,12.14,12.11,13.24,11.72,-,0.25%
2012-12-13,12.11,12.28,13.05,8.83,-,-1.38%
2012-12-12,12.28,12.74,13.08,11.77,-,-3.61%
2012-12-11,12.74,12.95,13.09,11.67,-,-1.62%
2012-12-10,12.95,12.22,13.58,12.22,-,5.97%
2012-12-07,12.22,12.11,13.06,10.96,-,0.91%
2012-12-06,12.11,12.26,12.28,11.8,-,-1.22%
2012-12-05,12.26,12.22,12.55,11.76,-,0.33%
2012-12-04,12.22,12.48,12.74,11.83,-,-2.08%
2012-12-03,12.48,12.16,12.57,10.96,-,2.63%
2012-11-30,12.16,12.14,12.29,10.38,-,0.16%
2012-11-29,12.14,13.18,13.18,12.08,-,-7.89%
2012-11-28,13.18,13.64,14.36,12.86,-,-3.37%
2012-11-27,13.64,14.76,14.76,13.37,-,-7.59%
2012-11-26,14.76,13.41,14.76,11.7,-,10.07%
2012-11-23,13.41,13.38,13.76,11.45,-,0.22%
2012-11-22,13.38,13.47,13.74,11.73,-,-0.67%
2012-11-21,13.47,14.27,14.43,12.39,-,-5.61%
2012-11-20,14.27,14.72,15.21,12.7,-,-3.06%
2012-11-19,14.72,18.76,18.76,14.7,-,-21.54%
2012-11-16,18.76,17.11,18.76,14.39,-,9.64%
2012-11-15,17.11,16.02,18,16.02,-,6.80%
2012-11-14,16.02,15.25,16.89,12.36,-,5.05%
2012-11-13,15.25,15.54,17.1,15.12,-,-1.87%
2012-11-12,15.54,16.28,16.97,14.3,-,-4.55%
2012-11-09,16.28,16.31,18.51,13.76,-,-0.18%
2012-11-08,16.31,15.82,17.18,15.82,-,3.10%
2012-11-07,15.82,14.84,16.07,11.6,-,6.60%
2012-11-06,14.84,15.49,15.86,12.64,-,-4.20%
2012-11-05,15.49,14.23,15.91,12.9,-,8.85%
2012-11-02,14.23,14.99,15.91,12.2,-,-5.07%
2012-11-01,14.99,15.71,15.91,14.7,-,-4.58%
2012-10-31,15.71,15.05,15.83,14.69,-,4.39%
2012-10-30,15.05,16.23,16.23,15.01,-,-7.27%
2012-10-29,16.23,15.43,16.63,15.43,-,5.18%
2012-10-26,15.43,15.07,16.4,14.96,-,2.39%
2012-10-25,15.07,15.05,15.48,14.32,-,-1.70%
2012-10-24,15.33,15.79,16.03,13.49,-,-2.91%
2012-10-23,15.79,14.12,16.1,12.11,-,11.83%
2012-10-22,14.12,14.01,14.34,13.78,-,4.05%
2012-10-19,13.57,12.95,13.7,12.46,-,4.79%
2012-10-18,12.95,13.15,13.7,12.75,-,-1.52%
2012-10-17,13.15,13.62,13.62,12.81,-,-3.45%
2012-10-16,13.62,13.74,13.95,13.24,-,-0.87%
2012-10-15,13.74,14.38,14.38,13.57,-,0.73%
2012-10-12,13.64,13.83,15.67,12.97,-,-1.37%
2012-10-11,13.83,14.73,14.74,13.26,-,-6.11%
2012-10-10,14.73,15.01,15.01,14.38,-,-1.87%
2012-10-09,15.01,14.16,15.04,11.77,-,6.00%
2012-10-08,14.16,13.56,14.78,11.94,-,4.42%
2012-10-05,13.56,14.8,14.8,13.54,-,-8.38%
2012-10-04,14.8,14.6,15.11,12.16,-,1.37%
2012-10-03,14.6,15.02,15.21,12.78,-,-2.80%
2012-10-02,15.02,14.57,15.16,12.87,-,3.09%
2012-10-01,14.57,15.31,15.79,12.89,-,-4.83%
2012-09-28,15.31,15.08,15.32,13.63,-,1.53%
2012-09-27,15.08,14.91,15.17,13.07,-,1.14%
2012-09-26,14.91,13.19,15.33,11.98,-,13.04%
2012-09-25,13.19,13.59,13.64,12.63,-,-2.94%
2012-09-24,13.59,13.38,14.35,13.38,-,1.57%
2012-09-21,13.38,13.5,13.55,11.49,-,-0.89%
2012-09-20,13.5,13.21,14.38,11.84,-,2.20%
2012-09-19,13.21,14.04,14.21,12.09,-,-5.91%
2012-09-18,14.04,14.52,15.34,11.73,-,-3.31%
2012-09-17,14.52,14.14,14.52,13.97,-,4.09%
2012-09-14,13.95,14.95,14.95,11.55,-,-6.69%
2012-09-13,14.95,15.88,15.88,14.75,-,-5.86%
2012-09-12,15.88,15.98,16.43,12.91,-,-0.63%
2012-09-11,15.98,15.56,16.78,12.66,-,2.70%
2012-09-10,15.56,16.17,16.32,13.29,-,-0.95%
2012-09-07,15.71,16.77,16.77,12.91,-,-6.32%
2012-09-06,16.77,19.55,20.37,15.35,-,-14.22%
2012-09-05,19.55,19.44,20.26,15.57,-,0.57%
2012-09-04,19.44,17.87,19.63,14.36,-,8.79%
2012-09-03,17.87,18.05,18.85,15.19,-,-1.00%
2012-08-31,18.05,18.89,19.1,16.68,-,-4.45%
2012-08-30,18.89,17.9,19.6,14.49,-,5.53%
2012-08-29,17.9,17.19,18.1,14.11,-,4.13%
2012-08-28,17.19,16.63,17.88,13.79,-,3.37%
